"athlete.sex","average_speed","max_speed","distance","average_heartrate","type"
"F",3.022,10.9,21580,151.2,"Ride"
"M",4.675,12.8,24438.8,135.9,"Ride"
"M",6.685,13.9,33632.8,143,"Ride"
"M",6.124,17.1,28765.1,150.5,"Ride"
"M",9.249,16.8,69559.8,147.1,"Ride"
"F",3.084,3.7,8371.3,152.5,"Run"
"M",7.18,9.3,48415.5,127.8,"Ride"
"M",2.881,4.3,6042.5,184.5,"Run"
"M",7.503,16.9,40770.9,140.2,"Ride"
"M",6.582,23.5,116055,115.6,"Ride"
"F",2.416,2.7,10697.6,126.1,"Run"
"M",3.296,7.3,16009.5,153.5,"Run"
"M",7.47,18.8,39429,132.2,"Ride"
"M",5.672,16.8,48252.3,134.2,"Ride"
"M",8.358,17.1,49556.6,160.1,"Ride"
"M",6.944,17.8,31972,151.4,"Ride"
"M",8.01,11.2,30045.5,137.4,"Ride"
"F",5.904,12.1,8206.7,137.2,"Ride"
"M",11.173,17.8,13720.3,174.3,"Ride"
"F",7.069,18.5,41671.8,157.1,"Ride"
"M",4.174,5.3,7513.6,162.3,"Run"
"F",9.024,16.6,96724.4,153.6,"Ride"
"F",7.847,13.7,61213.9,133.9,"Ride"
"F",5.669,9.3,20914.1,112.4,"Ride"
"M",2.338,8.1,5895.2,181.7,"Ride"
"F",2.782,5.4,3344.5,146.6,"Run"
"F",0.864,3.5,2696.1,130.7,"Run"
"M",3.001,6.3,8958.7,145.9,"Run"
"M",2.952,9.7,12237.1,148.6,"Run"
"M",6.4,7.6,23045,121.8,"Ride"
"M",6.349,15.3,21884.4,109.6,"Ride"
"F",5.982,11,24256.5,164.4,"Ride"
"M",5.364,16.4,19997.9,134.4,"Ride"
"F",6.009,11.3,22226.8,151.6,"Ride"
"M",6.968,12.3,25107.3,137.9,"Ride"
"M",7.012,18,100177,123.7,"Ride"
"M",2.901,7.1,9955.2,152.5,"Run"
"F",6.354,10.5,23546.3,139.2,"Ride"
"F",2.934,4.3,5061.4,177.6,"Run"
"M",4.416,10.5,22796,142.7,"Ride"
"F",7.015,14,74649.2,151.8,"Ride"
"F",4.714,14.8,39579,150,"Ride"
"M",6.258,12.2,20646.1,121.9,"Ride"
"F",6.92,11.8,29872.6,127.2,"Ride"
"F",2.399,2.5,5152.4,148.7,"Run"
"M",2.962,4.6,10059.5,161.5,"Run"
"M",7.023,12.3,7430.3,131.3,"Ride"
"M",1.506,3.4,7176.9,110,"Run"
"M",7.251,14.8,28059.6,145,"Ride"
"F",2.682,3.7,7253.7,135.5,"Run"
"M",7.913,16.7,36678.7,141.6,"Ride"
"F",8.308,17.6,41987.7,136.1,"Ride"
"M",8.088,13.8,74897.3,133.9,"Ride"
"F",4.966,13.5,25195,156,"Ride"
"F",2.919,5.6,4599.8,145,"Run"
"M",6.003,7.7,12965.7,151.4,"Ride"
"M",2.629,10.2,7184.4,161.8,"Run"
"M",4.088,10.3,28483.2,142.6,"Ride"
"M",8.018,16.5,50265.6,69,"Ride"
"F",1.519,1.7,1852.6,92.8,"Run"
"F",3.216,3.9,3280.3,152,"Run"
"M",8.304,14.5,36754.3,151,"Ride"
"F",8.077,14.5,21790.4,138.3,"Ride"
"F",3.296,10.9,10168.3,148.1,"Ride"
"M",3.196,4.2,7749.9,146.7,"Run"
"F",2.852,6.4,6004.4,166.3,"Run"
"F",5.054,6.3,52180.5,135.1,"Ride"
"M",6.329,9.6,4797.6,120.2,"Ride"
"M",8.253,12.2,63546.8,147.2,"Ride"
"F",2.652,5.8,10306,179.6,"Run"
"M",6.946,14.4,38459.7,121.2,"Ride"
"M",3.867,5.1,5007.3,155.5,"Run"
"M",3.426,4.7,7831.9,149.7,"Run"
"M",1.359,3.3,5985.2,149.9,"Run"
"M",3.462,4.1,4016,155.3,"Run"
"F",6.057,17.8,37834.9,141.2,"Ride"
"M",5.817,17.9,68593.6,145.1,"Ride"
"M",2.663,3.9,8253.8,120.6,"Run"
"M",2.112,3.5,2823.9,153.7,"Run"
"M",5.811,14.9,52376.7,117.6,"Ride"
"F",1.457,3,5077,105.1,"Run"
"M",3.674,5.8,11390.5,143.4,"Run"
"M",7.011,10.9,8750.1,133.6,"Ride"
"F",2.355,3.1,24209.9,135.9,"Run"
"M",7.91,16.1,78610,134.5,"Ride"
"M",9.586,12.7,24138.3,129.1,"Ride"
"M",7.052,11.6,1537.4,147.3,"Ride"
"M",7.361,11.5,77513.8,139.6,"Ride"
"M",7.99,11.3,25095.6,135.1,"Ride"
"M",7.855,16,40217.3,154.5,"Ride"
"F",5.802,15,22072.4,155.7,"Ride"
"F",7.923,15.5,100023,140.5,"Ride"
"M",4.844,15,9241.4,129.3,"Ride"
"M",2.934,12.2,26044.7,151,"Ride"
"M",7.602,12.7,16215.5,150.2,"Ride"
"F",2.291,5,11763.3,151.3,"Run"
"M",8.485,16.6,26322,146.3,"Ride"
"F",3.165,4.4,6482.3,161.8,"Run"
"M",10.067,15.3,44184.4,173.5,"Ride"
"M",8.077,16.5,31153.6,163.1,"Ride"
"M",3.981,15.9,44136.2,142,"Ride"
"M",8.025,14.7,47024.8,117.5,"Ride"
"F",5.207,19.6,68076.4,139,"Ride"
"M",7.095,11.7,40550.5,120.9,"Ride"
"M",4.815,15.593,30216.1,122.9,"Ride"
"M",3.387,12.4,23200.7,158.5,"Ride"
"M",6.644,11.6,26521,141.1,"Ride"
"F",4.715,13.8,75199.8,129.9,"Ride"
"M",3.523,5.9,14388.7,133.1,"Run"
"M",4.921,5.6,8951.7,150.3,"Ride"
"M",6.653,14.2,58227.4,126.8,"Ride"
"F",2.97,4.6,16131.3,177,"Run"
"M",3.543,4.9,11340.8,140.5,"Run"
"M",6.35,13.6,49041.8,161.6,"Ride"
"F",8.961,14.3,32231.6,156.7,"Ride"
"F",6.524,8.8,61006.6,139.5,"Ride"
"F",6.488,10.4,33023.2,137.9,"Ride"
"M",2.269,4.4,5873.4,155,"Run"
"F",2.487,3.5,6129.3,158,"Run"
"M",9.98,11.8,68660.2,147.1,"Ride"
"M",7.096,19.2,122378,125.2,"Ride"
"M",7.765,15.9,72740.4,84.4,"Ride"
"M",6.542,15.1,96560.6,147.2,"Ride"
"F",4.458,9.6,50213.8,139.1,"Ride"
"F",2.829,4.4,14005.7,155.3,"Run"
"M",7.531,13.3,22593.2,136,"Ride"
"M",8.141,15.4,96929.4,172.9,"Ride"
"M",9.382,16.5,49686,138.1,"Ride"
"M",2.2,3.6,6435.4,148.2,"Run"
"F",2.823,5,10227.8,162.1,"Run"
"F",3.287,5.3,10080.2,143.3,"Run"
"M",4.474,12.7,29964.4,145.2,"Ride"
"F",4.851,15,54665,149.9,"Ride"
"M",3.177,6.2,6134.3,149.6,"Run"
"M",9.295,12.3,33480.3,137.2,"Ride"
"M",8.747,21.6,45939.4,118.2,"Ride"
"M",8.026,11.8,36463.4,146.5,"Ride"
"M",3.722,4.9,14716.3,154.5,"Run"
"M",3.164,4.4,11133.1,156.4,"Run"
"M",7.53,10,25608.2,114.3,"Ride"
"M",4.159,14.7,24280.4,116.5,"Ride"
"M",8.022,19.8,75880.8,148.8,"Ride"
"M",6.269,11.7,5153.3,137.1,"Ride"
"M",4.824,10.4,11891.7,152.4,"Ride"
"M",7.435,13.5,21331.1,154.3,"Ride"
"F",3.284,5.5,7828,157.8,"Run"
"F",3.628,3.9,8054.8,168.6,"Run"
"M",8.464,18.8,109054,146.8,"Ride"
"M",6.964,7.8,480.5,151.4,"Ride"
"M",7.245,18.1,106726,147.8,"Ride"
"F",2.509,4.3,7592.4,136.9,"Run"
"M",6.717,14.6,28796.1,112.8,"Ride"
"M",8.04,14.2,52212.4,126.5,"Ride"
"M",5.379,16.77,36905.4,132.2,"Ride"
"F",2.23,4,4334.5,144.7,"Run"
"F",2.184,5,8698.1,137.1,"Run"
"M",8.368,14.2,52886.7,124.3,"Ride"
"M",6.664,15.3,28321.9,100.8,"Ride"
"F",5.14,18.5,54328.8,134,"Ride"
"M",7.375,12.6,22125.9,134.5,"Ride"
"M",8.034,11.4,59130.4,147.2,"Ride"
"M",6.505,16.5,55984.8,160,"Ride"
"F",3.867,11.6,33821,169.1,"Ride"
"F",2.795,4.1,9614.9,148.2,"Run"
"F",6.137,14.9,20331.9,110,"Ride"
"M",5.496,16.7,43119.1,147.7,"Ride"
"M",5.552,15.3,39091,139.3,"Ride"
"M",3.922,5.6,5051.7,177.4,"Run"
"M",8.702,19.4,29281.5,133.6,"Ride"
"M",8.23,15.8,36920.6,137.6,"Ride"
"F",3.377,6.4,4835.4,173.4,"Run"
"M",5.719,12.5,14653.1,158,"Ride"
"M",5.092,10.4,55842.3,142,"Ride"
"F",2.933,5,15574.1,129.2,"Run"
"M",7.783,13.2,33575.2,144.5,"Ride"
"M",7.581,12.4,31597.6,112.3,"Ride"
"M",7.37,18,55523.7,137.9,"Ride"
"M",6.166,16.7,9871.5,138.1,"Ride"
"F",1.367,3.5,2204.1,140.4,"Run"
"M",1.821,6.1,10630.4,121.7,"Run"
"M",6.911,12.9,34312.9,154.4,"Ride"
"M",3.237,6.1,12791.1,146.3,"Run"
"F",2.565,3.9,10666.1,106.4,"Run"
"F",2.776,4,8772,150.3,"Run"
"F",8.32,12.3,23954.6,148.2,"Ride"
"F",2.123,2.7,2887,142.1,"Run"
"M",3.338,12.7,22129.3,127.3,"Ride"
"M",8.805,15.1,41841.1,157.4,"Ride"
"F",9.454,15.9,46174.6,158.9,"Ride"
"M",7.41,13.4,32700,122.2,"Ride"
"F",6.059,17.5,88483.3,134.2,"Ride"
"F",3.797,5.6,12056.7,179.9,"Run"
"F",5.724,9.8,20504.5,125.3,"Ride"
"M",8.604,14.9,42282.5,140.9,"Ride"
"F",2.464,4.6,6446.9,106.2,"Run"
"M",9.201,10.4,32232.2,110.5,"Ride"
"M",3.798,7.2,11683.2,150.1,"Run"
"M",3.412,4.2,3244.5,148.5,"Run"
"M",3.228,6.7,9457.1,150.8,"Run"
"M",3.559,4,2345.5,116.1,"Run"
"F",5.293,7.5,39210.9,150.6,"Ride"
"F",1.456,9.9,3869.9,71.7,"Ride"
"M",6.806,19.6,115729,114.4,"Ride"
"M",5.978,18.3,120824,132.2,"Ride"
"M",2.746,7.8,24691.6,150.6,"Run"
"F",5.318,15.6,34341.2,128.7,"Ride"
"M",8.084,17.1,89073.4,133.7,"Ride"
"M",3.358,6.9,14500.8,161.2,"Run"
"M",8.166,12.5,23002.5,136.3,"Ride"
"M",2.866,3.6,478.6,143.5,"Run"
"M",6.821,14.8,42803.5,140,"Ride"
"M",2.939,3.7,21684.5,162.7,"Run"
"M",3.487,5.9,9952,147.5,"Run"
"M",2.923,8,10556.2,160.3,"Run"
"F",2.326,3.8,5811.5,141.9,"Run"
"M",7.363,13.093,52349.4,150,"Ride"
"M",8.03,10,20284.1,140.2,"Ride"
"M",3.74,5.3,8053.2,173.1,"Run"
"M",5.418,6.3,8734.4,37.1,"Ride"
"M",2.905,3.7,8317.7,156.8,"Run"
"F",2.878,4.9,6345.9,170.3,"Run"
"M",6.769,15.8,43988.2,154,"Ride"
"F",3.243,4.6,5253.2,141,"Run"
"M",2.037,10.5,5338,117.5,"Ride"
"F",5.779,10.2,5235.4,173.1,"Ride"
"M",3.473,5,35203.9,140.1,"Run"
"M",7.208,12,32731.8,153.5,"Ride"
"M",4.54,10.6,21791.4,128.3,"Ride"
"M",8.175,10.5,34741.9,149.7,"Ride"
"F",7.741,8.7,13940.9,134.2,"Ride"
"M",2.563,3.8,2252.9,139.1,"Run"
"M",6.448,11.8,47172,114.3,"Ride"
"M",6.771,13,22825.2,121.3,"Ride"
"F",5.277,14.9,55338.7,185.3,"Ride"
"M",8.249,13.813,21091.7,132.6,"Ride"
"M",3.036,4.4,10129.6,166.5,"Run"
"M",1.808,4.2,4279.7,109.3,"Run"
"F",8.002,10.9,12835.9,150.1,"Ride"
"F",2.879,5.8,8598.6,135.5,"Run"
"M",2.961,4.4,10306.8,144.7,"Run"
"M",7.677,16.7,136217,93.4,"Ride"
"M",3.138,4.6,6470.2,131.2,"Run"
"F",3.295,3.6,1785.9,162.8,"Run"
"M",6.337,14.9,15835.1,97.6,"Ride"
"M",6.652,16.4,21013.2,126.4,"Ride"
"M",2.731,4.2,9811.5,151.1,"Run"
"F",2.953,4.1,3957.1,153.8,"Run"
"M",3.434,5.8,7290.5,172.5,"Run"
"F",7.025,15.8,46427.4,142.5,"Ride"
"F",2.758,3.6,1014.9,138.2,"Run"
"M",8.105,12.5,24493,151.6,"Ride"
"F",2.345,3.1,6666,143.4,"Run"
"F",6.559,13.7,35422.6,139.9,"Ride"
"M",6.853,13.7,38440.9,129.3,"Ride"
"M",6.886,12.4,46246.7,151.4,"Ride"
"M",6.454,12.3,16335,136,"Ride"
"M",8.608,14.5,63852.4,154.9,"Ride"
"F",4.97,6,21406.9,132.1,"Ride"
"M",8.095,14.5,26898.6,144,"Ride"
"F",2.877,3.2,5595.1,157.6,"Run"
"F",2.336,3.4,324.7,158.1,"Run"
"M",7.746,16.7,102174,136.8,"Ride"
"M",9.084,20.6,154122,157.5,"Ride"
"F",7.621,8.9,16110.6,121.9,"Ride"
"M",3.794,14,31755.6,149.8,"Ride"
"M",3.122,3.4,2216.5,155.1,"Run"
"M",3.641,5.5,12791.2,135.5,"Run"
"M",6.912,12.2,49059.7,142.8,"Ride"
"M",7.195,9.9,4777.2,133.7,"Ride"
"M",3.213,3.7,2892.1,138,"Run"
"M",9.708,16.7,70896.4,141.4,"Ride"
"F",4.979,8.5,5526.5,140.1,"Ride"
"M",7.915,15.3,29326.4,154.6,"Ride"
"M",1.832,2.1,1458.2,139.1,"Run"
"M",6.188,14.5,29052.3,125.8,"Ride"
"M",4.576,11.3,16607.7,138.9,"Ride"
"F",2.173,5.3,3009.3,120.4,"Run"
"F",2.733,3.1,1773.7,144.2,"Run"
"F",2.742,4,7407,150,"Run"
"F",3.42,8.3,20514.4,156,"Run"
"M",4.236,15.3,44268.9,153.5,"Ride"
"M",7.634,13.7,22048.4,134,"Ride"
"M",7.993,10.8,66241,153.7,"Ride"
"M",3.183,4.3,8547.6,169.7,"Run"
"F",7.621,15.4,95739.6,151.5,"Ride"
"F",4.526,12.8,27729,130.8,"Ride"
"M",4.806,11.2,10130.7,143.5,"Ride"
"M",3.372,5.4,9421.7,146.5,"Run"
"M",9.062,19.9,24468.6,138.6,"Ride"
"F",2.203,3,4882.1,154.3,"Run"
"M",2.904,4.2,7579.7,144.5,"Run"
"M",6.463,12.7,31490.1,138.4,"Ride"
"M",6.286,11.7,69440.6,71.2,"Ride"
"F",2.631,4.1,2915.7,160.3,"Run"
"M",3.305,9.6,10399.3,170.2,"Run"
"M",7.843,16.7,81260.4,144.7,"Ride"
"F",3.855,17.3,24049.9,132.9,"Ride"
"M",7.76,11.8,69253.3,125,"Ride"
"M",7.882,10.7,7590.2,130,"Ride"
"M",6.189,10.8,37183.6,131.8,"Ride"
"F",5.037,7.3,17469.9,118.7,"Ride"
"M",8.669,13.6,99901.6,131.6,"Ride"
"M",5.625,11.9,3172.3,98.7,"Ride"
"M",7.281,16.7,65117.8,149.6,"Ride"
"M",3.571,13.7,6241.7,168.1,"Run"
"M",3.228,5.9,12364.7,177.1,"Run"
"M",8.585,11.4,71794,143.3,"Ride"
"M",2.783,6.1,7071.8,141.3,"Run"
"M",5.977,16.2,16526.7,133.3,"Ride"
"M",7.685,14.4,44290.2,111.6,"Ride"
"M",7.742,16.5,35194.3,161.5,"Ride"
"M",2.93,3.9,6592.4,148.6,"Run"
"M",8.443,24.3,170997,164.6,"Ride"
"M",2.602,4.9,20114.1,139,"Run"
"M",8.124,19.2,38084.5,146.9,"Ride"
"M",8.196,13.2,59550.2,145.9,"Ride"
"M",7.389,12.4,21693.9,142.2,"Ride"
"M",3.078,3.9,2927,171.7,"Run"
"M",6.027,25,63165.8,110.3,"Ride"
"M",7.521,15.5,38431.9,153.3,"Ride"
"M",7.194,23.5,91137.2,136.4,"Ride"
"M",7.752,10.8,41750.3,124.3,"Ride"
"M",8.205,16,41486,141.3,"Ride"
"M",8.511,16.6,87910.1,137.6,"Ride"
"M",9.756,15.9,28020,153.7,"Ride"
"M",1.724,3.7,4402.5,117.4,"Run"
"F",2.397,4.7,4859.7,166,"Run"
"M",9.069,11.9,7400.4,189.2,"Ride"
"F",7.071,20.7,182270,127.5,"Ride"
"M",5.476,8.2,7184.4,127.1,"Ride"
"M",11.399,13.3,27095.4,147.9,"Ride"
"M",7.31,13.7,23737.1,147.6,"Ride"
"M",7.814,11.1,4751.1,108.1,"Ride"
"F",2.751,3.6,6120.5,155.4,"Run"
"F",3.344,6.8,17972.3,177.2,"Run"
"M",2.721,3.4,12883.9,143.9,"Run"
"M",11.141,15.1,17792.3,180.4,"Ride"
"F",6.959,15.1,91301.1,142.7,"Ride"
"M",7.327,15.6,122193,147.4,"Ride"
"F",2.912,3.5,1362.9,135,"Run"
"M",3.136,7.3,6193.3,140.4,"Run"
"M",2.945,3.8,5250.9,158.7,"Run"
"M",5.379,16.1,32631.9,152.5,"Ride"
"M",6.952,11.7,31042.1,148.9,"Ride"
"M",8.19,11.6,23446.9,146.1,"Ride"
"M",8.193,14.5,51725.1,132.4,"Ride"
"M",7.084,15.7,58480.6,129.6,"Ride"
"M",7.357,13.2,19754.1,148,"Ride"
"M",8.428,15.6,26631.2,162.6,"Ride"
"M",2.745,8.7,3742,133.2,"Run"
"F",6.964,16.6,74880.1,134.1,"Ride"
"F",2.719,4.9,6184.9,156.8,"Run"
"M",9.259,10.7,50055.9,154.4,"Ride"
"M",7.918,10.4,31348.6,148,"Ride"
"M",8.329,13,24771.9,150.7,"Ride"
"M",5.013,11.1,10120.4,113.6,"Ride"
"M",7.045,10.5,148109,122.9,"Ride"
"M",3.925,5.7,12455.3,152.7,"Run"
"F",4.882,7,1542.6,128,"Ride"
"F",7.532,11,80991.1,142.8,"Ride"
"M",6.266,12,68555.4,132.4,"Ride"
"M",7.082,18.4,129072,143.3,"Ride"
"M",6.239,13.4,12634.4,89.7,"Ride"
"M",5.753,14.8,48633.6,145,"Ride"
"M",7.883,14.7,70797.8,117.2,"Ride"
"F",2.593,11.6,26175.4,148.5,"Ride"
"F",3.012,4.4,9400.6,171.1,"Run"
"F",2.359,4,5296.5,134,"Run"
"M",3.064,5,8671.9,139.5,"Run"
"F",6.498,9.6,46743.6,145.3,"Ride"
"F",4.65,28,52474,99.7,"Ride"
"M",8.499,11,25504.3,142.8,"Ride"
"M",9.822,15.9,48678.3,148.2,"Ride"
"M",3.126,5.9,7327.4,139.7,"Run"
"M",2.549,4.7,6193.9,150.6,"Run"
"F",2.796,4.7,6351.5,166,"Run"
"M",6.423,16,45521.3,149.3,"Ride"
"M",5.741,7.6,10345.7,138.2,"Ride"
"M",8.986,15.8,36930.5,150.7,"Ride"
"F",5.893,9.5,12398.3,132.2,"Ride"
"F",6.536,8.7,6078.8,116.2,"Ride"
"F",5.534,8.8,32302.6,88.7,"Ride"
"F",4.905,10.5,7941.2,113.8,"Ride"
"M",7.163,12.5,44422.4,138.4,"Ride"
"F",3.529,8.2,1411.6,96.8,"Ride"
"M",11.404,15,30802.9,137.2,"Ride"
"M",4.837,18.9,48980.6,145,"Ride"
"F",2.49,3.6,4280.1,117.9,"Run"
"M",4.418,14,22378,113.4,"Ride"
"M",6.289,17.1,21463.2,120.3,"Ride"
"F",2.861,4,10009.2,187.3,"Run"
"M",7.124,12.4,50507.4,151.3,"Ride"
"M",6.529,13.8,15722.3,159.1,"Ride"
"M",2.501,7.4,3101.3,159.9,"Run"
"F",2.838,3.8,8324.8,145.7,"Run"
"M",8.79,14.7,41760.9,159.5,"Ride"
"M",8.542,15.5,87035,147.7,"Ride"
"M",3.171,5.2,14536.9,162.1,"Run"
"F",1.717,2.8,6346.5,118.2,"Run"
"F",7.218,13.2,51120,131.8,"Ride"
"F",7.159,10.8,12020.7,133.4,"Ride"
"M",3.413,5.1,15428.3,164.4,"Run"
"M",7.493,12.9,52497.8,136.8,"Ride"
"F",3.456,4.5,20009.7,142.6,"Run"
"M",10.014,10.6,18015.9,146.3,"Ride"
"F",2.043,3.2,5951.7,134.1,"Run"
"M",7.781,12.4,101596,148.1,"Ride"
"F",3.9,5.1,7676,141.8,"Run"
"M",6.304,13.6,51947.8,166,"Ride"
"M",4.233,9.224,35291.3,108.1,"Ride"
"F",8.395,16.4,22565.4,144.2,"Ride"
"M",2.831,11.9,8564.5,148.4,"Ride"
"M",5.739,8.5,132,68,"Ride"
"M",3.077,6.4,10163.5,147.1,"Run"
"M",7.776,17.6,111638,146.9,"Ride"
"M",7.312,10.5,26482.7,125.5,"Ride"
"F",6.452,17.4,23729.2,129.6,"Ride"
"M",5.023,13,50223.4,160.8,"Ride"
"F",2.737,3.6,8771.9,163.2,"Run"
"F",3.84,6.1,6627.6,94.8,"Ride"
"F",7.032,14.5,65787.7,110.2,"Ride"
"F",6.755,10.9,19338.8,154.7,"Ride"
"F",3.312,5.5,10976.5,158.8,"Run"
"M",6.192,7.1,11152,122.2,"Ride"
"M",7.986,11.8,208948,141.5,"Ride"
"F",3.162,4.1,5071.4,160.1,"Run"
"M",2.552,3.7,7396,134.4,"Run"
"M",3.358,6.447,26813.4,157.2,"Ride"
"M",5.88,16.6,52033.3,142,"Ride"
"M",8.338,13,50158.5,133.3,"Ride"
"F",2.689,3.5,12102.3,176.2,"Run"
"F",0.394,4.8,2702.4,147.3,"Run"
"F",7.889,15.8,57430.6,158,"Ride"
"M",5.642,12.6,57098.6,144.3,"Ride"
"M",3.04,5.4,6490.4,160.7,"Run"
"F",6.352,13.2,2788.7,138.9,"Ride"
"M",3.255,5.2,8658,153.4,"Run"
"M",6.115,13.9,44796,132.5,"Ride"
"M",3.949,11.8,11178.8,141.3,"Ride"
"M",4.355,11.8,22909.5,130.7,"Ride"
"M",3.02,3.8,4026.2,130.3,"Run"
"M",8.955,15.5,48735.4,131.4,"Ride"
"F",7.736,11.7,20354.7,141.8,"Ride"
"F",8.148,15.3,62521.6,164.4,"Ride"
"M",4.631,10.8,16932,145.9,"Ride"
"M",8.644,13.2,2066,130.4,"Ride"
"M",7.426,22,97748.5,149.7,"Ride"
"F",6.065,7.6,27292.4,137.1,"Ride"
"F",2.235,2.9,809,135.4,"Run"
"M",7.262,12.6,15722.6,134.3,"Ride"
"F",7.664,13.1,50391.2,153.2,"Ride"
"F",6.004,11.9,46190.5,162.4,"Ride"
"M",7.074,12.2,16608.8,112,"Ride"
"M",2.853,4.2,4736.1,146,"Run"
"M",2.711,2.9,1361.1,127,"Run"
"F",7.943,15.2,116450,141.6,"Ride"
"F",1.946,13.4,5465.3,116,"Run"
"M",5.977,16.2,44543.8,107.7,"Ride"
"M",7.57,16.2,80381.5,147.3,"Ride"
"M",7.193,19,89158.9,132.6,"Ride"
"F",4.773,5.9,6457.8,93.9,"Ride"
"M",6.089,15.6,49779.6,181.5,"Ride"
"M",6.696,13.2,57746.7,121.3,"Ride"
"M",6.332,13.8,29195.8,162.8,"Ride"
"F",8.781,18.2,31560.3,151.8,"Ride"
"M",2.481,4.3,12026.9,154.6,"Run"
"M",7.397,13.1,22426.2,126.5,"Ride"
"F",2.652,5.8,10306,179.6,"Run"
"M",3.569,5.2,12531.6,161.6,"Run"
"F",2.095,3.1,5684.5,126.1,"Run"
"M",6.596,13.3,36061.2,183,"Ride"
"F",3.004,4.8,4001.6,173.1,"Run"
"M",5.787,12.1,10427.3,140.4,"Ride"
"F",1.962,4.5,5058.7,129.5,"Run"
"M",3.364,6.1,16825.5,146.2,"Run"
"M",2.547,2.9,43.3,87.4,"Run"
"F",7.712,12.6,67430.1,149,"Ride"
"M",6.489,16.8,45555.4,123.4,"Ride"
"M",5.677,14.8,96889.4,135.9,"Ride"
"F",3.641,11.8,21564.8,145.7,"Ride"
"M",3.542,6.7,15748.1,134.4,"Ride"
"F",4.415,9.9,32903.8,99.4,"Ride"
"F",6.897,13.1,116348,141.1,"Ride"
"F",5.014,8.3,13724.2,123.4,"Ride"
"M",7.336,15,34470,137.2,"Ride"
"F",3.164,4.3,2534.5,147.3,"Run"
"M",2.706,10.4,12300.9,150.6,"Run"
"F",3.245,6,11816.5,152.1,"Run"
"M",2.909,4.6,10150.6,143.6,"Run"
"M",2.626,7.3,4724.2,135.3,"Run"
"M",7.106,8.7,2849.6,131.1,"Ride"
"M",5.643,14.6,23679.9,122.4,"Ride"
"F",8.096,12.2,54431.9,136.8,"Ride"
"F",8.774,14.1,85775.8,158.2,"Ride"
"F",1.142,2.8,2838.1,94.6,"Run"
"F",2.631,3.4,4894,152.6,"Run"
"F",3.268,5.3,11063.1,182,"Run"
"M",7.699,10.344,52964.8,154.7,"Ride"
"M",4.646,14.1,25592.5,149.8,"Ride"
"F",7.242,10.2,16032.9,133,"Ride"
"F",2.183,4.3,2967.1,146.3,"Run"
"M",2.964,4.7,11056.3,112.7,"Run"
"M",1.06,10.9,9303.2,114.5,"Ride"
"M",3.51,5.5,14194,141.7,"Run"
"M",6.503,13.2,67845.7,161.4,"Ride"
"F",7.594,15.5,50334.5,132.3,"Ride"
"F",6.655,16.5,63756.7,162.6,"Ride"
"F",6.503,19.773,50294.7,124.6,"Ride"
"M",8.618,13.7,93325.4,150.4,"Ride"
"M",2.71,3.4,3278.9,171.7,"Run"
"M",8.562,12.5,32724.3,151.3,"Ride"
"M",5.048,14.9,21880.1,147.8,"Ride"
"F",2.378,5,9743.5,162.2,"Run"
"M",9.885,19.5,83466.8,169.4,"Ride"
"F",2.57,3.4,18982.3,159.1,"Run"
"F",7.419,13.1,53395.8,157.2,"Ride"
"M",3.087,5.3,10114.3,147.3,"Run"
"M",3.753,10.3,23938.3,151.7,"Ride"
"M",3.323,6.4,13330.5,136.7,"Run"
"M",7.452,12.9,120016,146.9,"Ride"
"M",9.911,18.7,186382,151,"Ride"
"M",3.263,4.8,9978.2,143,"Run"
"M",9.017,15.8,25518,143.2,"Ride"
"M",7.207,10.8,26638.2,133.4,"Ride"
"F",5.21,13.7,19239,121.9,"Ride"
"M",8.927,15.9,47776.3,139.9,"Ride"
"M",6.813,16,32295.3,89.3,"Ride"
"F",8.581,20.3,82699.9,165,"Ride"
"M",3.242,9.9,12022.8,163.1,"Ride"
"M",6.648,9.5,58785.6,134.3,"Ride"
"F",7,9.4,16211,156.8,"Ride"
"F",2.691,4.1,3043.4,142.6,"Run"
"M",3.01,12.3,11075.5,140.8,"Run"
"M",8.241,15.3,77449,160.1,"Ride"
"M",3.319,5.2,6216.3,84.3,"Run"
"M",4.97,14.8,37378.9,138.3,"Ride"
"F",3.506,8.1,1483.2,113.3,"Ride"
"M",8.784,15.2,56039.3,135.6,"Ride"
"M",9.008,15.8,55659,112.9,"Ride"
"M",5.639,21.1,83665.4,143.5,"Ride"
"M",6.971,12.2,13928.2,124.8,"Ride"
"M",8.167,17.8,36442.2,151.7,"Ride"
"M",7.282,16.8,110991,136,"Ride"
"F",9.374,13.4,35246.1,135.8,"Ride"
"M",6.893,11.8,32146.7,125.7,"Ride"
"M",4.867,5.3,837.1,143.8,"Run"
"M",6.781,14.9,52709.2,118.1,"Ride"
"M",7.209,20.3,89458.3,132.1,"Ride"
"F",5.292,15.1,73723.1,145.2,"Ride"
"M",7.232,16,30996.3,149.2,"Ride"
"M",3.137,8.4,3287.7,137,"Run"
"F",7.508,12.3,101011,146.4,"Ride"
"F",2.803,5.4,11481.4,159.4,"Run"
"M",3.318,9,8630.8,100.1,"Ride"
"F",2.566,9.7,1570.1,124.3,"Run"
"F",2.958,4.2,5010.9,172.9,"Run"
"M",9.046,14.6,62896.3,122,"Ride"
"F",6.759,18.6,40891.1,161,"Ride"
"F",2.649,3.7,5380.3,175.9,"Run"
"F",5.603,8.6,3484.9,141.6,"Ride"
"M",3.033,4.2,14129.3,161.5,"Run"
"M",4.825,15.2,43643.7,144.2,"Ride"
"M",2.34,3.5,5092.3,163.2,"Run"
"M",6.235,10.3,22028.3,113.4,"Ride"
"F",2.059,3.1,8312.6,141.1,"Run"
"M",7.942,14.6,56672,161.7,"Ride"
"M",3.738,6.7,15858.4,150,"Run"
"M",7.66,19.4,65544.2,130.3,"Ride"
"F",1.99,13,25645.1,143.8,"Run"
"M",3.465,9.7,14700.3,151,"Ride"
"F",2.526,4.2,6755.8,156,"Run"
"F",3.261,4.1,11277.1,156.7,"Run"
"M",4.723,9.4,10871.8,138.1,"Ride"
"M",8.155,18.3,115856,161.9,"Ride"
"F",6.83,13.2,12846.7,119.2,"Ride"
"M",7.159,15.4,38192.4,123.9,"Ride"
"M",3.796,5,19831.9,144,"Run"
"M",3.637,4.7,14127.9,148,"Run"
"F",7.732,13.4,16577.9,150.8,"Ride"
"M",4.882,11,25401.4,130.2,"Ride"
"F",2.883,5.7,4618.1,136.9,"Run"
"M",7.289,18,8280.5,159.6,"Ride"
"F",2.589,3.2,5408.6,130.6,"Run"
"F",3.719,11.5,31287.5,143.3,"Ride"
"F",6.641,20.9,103419,152.2,"Ride"
"M",8.019,11.9,47423.8,122.2,"Ride"
"M",6.842,19.4,86071.5,130.7,"Ride"
"M",4.878,7.4,3404.5,108.7,"Ride"
"M",3.462,12.4,3171.2,166,"Ride"
"M",4.786,12.2,31015.7,147.4,"Ride"
"M",6.883,11.1,46713.8,105,"Ride"
"M",6.936,9.8,12512.3,113.9,"Ride"
"F",6.165,10.5,16503.4,143.7,"Ride"
"M",2.632,3.3,5222.5,169.9,"Run"
"M",3.038,3.9,3216.8,160.4,"Run"
"M",5.943,17.7,80061.6,110.9,"Ride"
"F",5.669,17.6,52746,153.7,"Ride"
"M",6.846,17.9,14855.9,153.2,"Ride"
"M",8.791,13.6,41210.3,117.5,"Ride"
"F",3.278,4.1,1934.2,175.5,"Run"
"M",7.376,17.1,31349.2,145.4,"Ride"
"M",0.939,1.4,753.2,150.5,"Ride"
"M",2.91,3.4,10016.7,153.3,"Run"
"F",6.563,9,19845,169.7,"Ride"
"M",7.08,16.8,109528,110.5,"Ride"
"M",6.744,15.4,84526.8,103.5,"Ride"
"M",7.38,11.5,29541.1,143.6,"Ride"
"M",8.627,15.3,66178.9,149.7,"Ride"
"M",3.663,5.2,21283.1,166.9,"Run"
"M",6.725,20,39458,150.4,"Ride"
"M",5.522,13.3,6250.4,111.8,"Ride"
"M",7.907,13.5,35034.2,124.9,"Ride"
"M",5.949,10.2,23688.7,145.2,"Run"
"F",3.601,5.8,42549.4,168.6,"Run"
"M",8.745,13.1,86278.6,146.7,"Ride"
"F",6.237,14.4,36978.5,125.4,"Ride"
"M",6.26,14.5,23968.8,147.8,"Ride"
"M",6.021,13.6,39321.5,152.5,"Ride"
"M",8.881,16.2,46111.8,153.4,"Ride"
"F",9.366,15.9,260448,141.3,"Ride"
"M",2.531,3.1,7440,157.9,"Run"
"M",5.005,21.1,81161.3,160.5,"Ride"
"M",4.518,7.6,29669.5,104.8,"Ride"
"M",7.717,10,42645.4,162.2,"Ride"
"F",2.56,3.1,2734.6,163.6,"Run"
"M",6.064,14,29233,156.4,"Ride"
"F",6.379,14.1,50889.5,120.7,"Ride"
"M",7.392,21,117189,138.5,"Ride"
"M",6.991,13,28110.5,135.3,"Ride"
"M",3.28,5.4,5257.6,138,"Run"
"F",2.706,4.1,5033.3,159.6,"Run"
"M",5.678,16,12195.6,105.3,"Ride"
"M",8.212,21.802,72991.9,148.8,"Ride"
"F",1.516,3,8377.7,118.5,"Run"
"M",8.005,16.2,43962.2,142.1,"Ride"
"F",7.298,9.2,32329.9,132.2,"Ride"
"F",6.351,16,74647.4,141.9,"Ride"
"M",7.712,14.7,42687.2,125.7,"Ride"
"M",5.908,13.005,15549.1,134.9,"Ride"
"M",6.629,9.7,3825.1,144.6,"Ride"
"M",6.749,15.3,19146,138,"Ride"
"M",5.823,13.1,29051.5,121.8,"Ride"
"F",2.219,5.4,3805,137.4,"Run"
"F",1.891,2.9,1875.9,147.9,"Run"
"M",2.635,4.3,21424,148.4,"Run"
"M",3.611,5.6,12029,150.6,"Run"
"F",3.037,7.3,12774,97,"Run"
"F",7.23,8.6,1641.1,145,"Ride"
"M",2.882,3.2,3466.7,175.8,"Run"
"M",7.02,17.2,43645.1,137.5,"Ride"
"M",8.151,15.5,109821,148.9,"Ride"
"M",2.646,11.8,23502.1,114.6,"Ride"
"M",2.513,4.1,1880,175.1,"Run"
"M",7.138,18.1,74031,118.9,"Ride"
"M",1.261,3.2,2717.1,164.4,"Run"
"F",6.931,14.2,30060.6,90.9,"Ride"
"F",5.719,11.3,23088.2,129,"Ride"
"F",7.034,16,59222.1,126.1,"Ride"
"M",7.32,11,61380,167.5,"Ride"
"M",6.639,21.8,48092.9,155.3,"Ride"
"M",2.96,3.9,3344.8,174.5,"Run"
"M",6.803,9.3,14074.6,103.1,"Ride"
"M",8.378,11,18095.4,133.5,"Ride"
"F",2.332,3,14487.2,149.4,"Run"
"M",7.263,12.5,35350.8,138.2,"Ride"
"F",2.086,4.1,5138.5,150.1,"Run"
"M",6.93,10.9,26353.1,143.4,"Ride"
"F",2.973,3.6,8925.7,175.2,"Run"
"M",2.636,4.5,2198.4,123.1,"Run"
"M",4.444,10.9,30795.3,108.1,"Ride"
"M",4.724,12.4,36820.5,115.4,"Ride"
"M",6.769,15.4,51224.1,128.2,"Ride"
"F",5.03,11.6,20648.3,138.4,"Ride"
"M",3.382,4.5,17605.3,149.5,"Run"
"M",7.997,13,53714,147.2,"Ride"
"M",7.669,13.2,17998.3,131.1,"Ride"
"M",2.585,7.2,11977.1,154.4,"Run"
"M",2.481,3.5,9868.4,122.4,"Run"
"F",6.599,15.3,41787.6,144.5,"Ride"
"M",11.1,19.2,64478.6,160,"Ride"
"M",3.056,4.6,16261.1,146.9,"Run"
"M",8.097,15.6,80825.2,134.9,"Ride"
"M",3.164,4.6,11391.5,154.4,"Run"
"M",8.768,20.5,108667,144,"Ride"
"M",8.274,18.3,26634,143.9,"Ride"
"M",3.142,4.8,1637.1,149.7,"Run"
"F",5.576,14.9,24309.5,124.9,"Ride"
"M",4.62,7.8,13476.6,136.1,"Ride"
"M",2.469,5.2,21958.4,134,"Run"
"M",2.693,4.1,7603.1,154.2,"Run"
"M",9.289,16.8,67343.6,153,"Ride"
"M",4.329,13.9,47591.6,147.2,"Ride"
"M",4.627,11.1,7014.8,143,"Ride"
"F",2.519,3,6438.1,110.9,"Run"
"M",7.887,16.4,85006.4,119.2,"Ride"
"F",9.024,16.1,61264.8,143.5,"Ride"
"F",7.459,17.9,45636.9,156.8,"Ride"
"M",7.881,19.8,95768.7,114.6,"Ride"
"M",2.205,4.2,7563.4,173.3,"Run"
"M",7.928,15.512,66070.7,147,"Ride"
"M",8.019,14.6,51053.9,147.7,"Ride"
"F",2.36,3.1,8995.8,162.5,"Run"
"M",7.67,15.7,18039.7,163.9,"Ride"
"M",7.827,15.9,52944.9,159.2,"Ride"
"M",2.431,3.9,7127.7,145.9,"Run"
"M",7.386,13.9,201231,127.2,"Ride"
"M",7.133,12.7,34381.2,146.4,"Ride"
"M",5.254,12.8,40322.3,135.6,"Ride"
"M",4.588,12.1,10730.4,116.4,"Ride"
"M",3.286,4.4,13003.2,164.2,"Run"
"F",2.647,3.9,1582.7,163.6,"Run"
"M",2.532,5.2,8491.3,144.1,"Run"
"F",4.351,6.8,10869.9,122.3,"Ride"
"M",3.179,4,5009.5,164.5,"Run"
"F",3.475,11.7,22092.6,125.7,"Ride"
"M",7.374,15.1,36242.2,147.3,"Ride"
"M",7.272,12.9,11278.8,140,"Ride"
"M",6.663,13.8,24400,108,"Ride"
"F",2.623,3.5,18966.9,171.2,"Run"
"F",4.92,13,46580.9,104.8,"Ride"
"M",8.118,12.7,50243.9,137.8,"Ride"
"M",5.445,18.4,25715.5,149.1,"Ride"
"F",2.078,4.7,18.7,65.8,"Ride"
"M",4.853,13.6,18733.2,119.3,"Ride"
"M",5.938,12.5,24315,140,"Ride"
"F",8.928,11.9,24106.5,161.9,"Ride"
"M",8.715,16.4,87041.1,145.8,"Ride"
"M",6.595,14.4,32102.5,114.9,"Ride"
"M",6.774,18.6,125508,135.8,"Ride"
"M",6.783,9.2,55120.2,147.3,"Ride"
"M",2.924,6.2,169.6,72,"Ride"
"M",9.001,15.5,45402.2,155.1,"Ride"
"M",9.431,19.9,46420.2,136.9,"Ride"
"M",5.684,14.7,34618.3,132.3,"Ride"
"F",5.462,13.9,36202.7,142.1,"Ride"
"F",6.871,17.2,47329.9,137.7,"Ride"
"M",8.804,18.1,44803.4,159,"Ride"
"M",6.922,7.9,16149.3,177.9,"Ride"
"M",6.168,14.8,53665.2,117.5,"Ride"
"M",2.719,8.9,3542.7,167,"Run"
"M",6.408,12,12149.5,120.8,"Ride"
"M",6.652,16.9,52534.6,141.1,"Ride"
"M",6.988,16.3,76125.9,121.2,"Ride"
"F",2.809,4,10338.5,163.4,"Run"
"M",3.417,4.8,12065.6,152.3,"Run"
"M",6.295,13.4,40740.6,144.7,"Ride"
"M",7.878,13.2,130518,144.8,"Ride"
"M",2.626,3.8,12004.7,144.1,"Run"
"F",2.955,5.8,1507,140.1,"Run"
"M",2.377,5,10696,150.6,"Run"
"M",7.446,15.8,35554.7,137.4,"Ride"
"F",2.689,3.7,6075,147.8,"Run"
"M",2.798,5.6,3304.9,103.7,"Ride"
"M",8.323,16,91316,131.6,"Ride"
"M",6.774,15.8,58090.6,135.3,"Ride"
"F",6.528,9.4,17872.6,146.1,"Ride"
"M",4.156,16,15654.5,161.7,"Ride"
"F",2.966,7.5,16061.8,129.9,"Ride"
"M",6.588,18.1,54499,134.3,"Ride"
"F",5.213,10.5,20038.3,121.4,"Ride"
"M",8.014,15,81239.1,134.3,"Ride"
"F",7.376,16.3,67716.7,156.3,"Ride"
"M",6.858,19.3,124734,134.8,"Ride"
"M",2.252,6.8,10627.6,143.1,"Run"
"M",3.32,7.5,12547.4,147.8,"Run"
"F",5.234,11.4,33607.2,131.4,"Ride"
"M",10.183,22.5,21302.6,140.4,"Ride"
"M",2.536,3,10335.5,148.3,"Run"
"F",6.427,18.7,58240.4,147.2,"Ride"
"F",3.262,5,858,117.8,"Ride"
"M",2.812,7.5,7714.1,159.2,"Run"
"F",6.597,11.3,24051.8,136,"Ride"
"M",5.601,20.6,48299.5,126.5,"Ride"
"M",7.723,15,101660,131.6,"Ride"
"M",8.787,17.7,40026.3,168.8,"Ride"
"M",7.756,21.4,58431.8,136.3,"Ride"
"M",7.513,12.9,34049.6,129.3,"Ride"
"M",3.595,5.7,2358.2,147,"Run"
"F",2.97,15.2,36552.7,139.4,"Ride"
"M",5.859,19.5,19359,54.3,"Ride"
"M",3.229,13.2,26291.1,118.4,"Ride"
"F",7.063,11.7,11830.8,129.7,"Ride"
"M",6.894,11.9,42707.2,151.6,"Ride"
"F",2.71,5,12171.6,130,"Run"
"M",6.52,17.7,59798.5,126.4,"Ride"
"M",3.258,5.9,9625,138.1,"Run"
"M",8.516,12.5,36850.3,135.7,"Ride"
"M",7.133,12.4,80636.5,135.6,"Ride"
"M",5.774,10.5,41893.8,120.3,"Ride"
"M",7.38,10,29600.3,133.8,"Ride"
"M",3.536,9.5,11971.5,146,"Ride"
"F",2.629,3.6,10200.3,172.2,"Run"
"M",7.253,15.2,28424.6,145.5,"Ride"
"M",4.185,13.7,43348.8,100.7,"Ride"
"M",7.533,17.9,42681.8,137.2,"Ride"
"M",10.396,13.2,38422.7,150.8,"Ride"
"F",0.558,3.6,40.7,127.3,"Run"
"M",3.24,3.8,8755.8,113.9,"Run"
"F",3.359,4.7,4840.8,161.9,"Run"
"M",5.467,12.3,37403.4,110.9,"Ride"
"M",2.617,5.9,10346.1,131.9,"Run"
"M",7.936,11.2,18888.5,122.7,"Ride"
"M",8.857,19.7,103756,142.6,"Ride"
"F",2.809,5.1,8006.2,171.7,"Run"
"M",8.018,16.5,50265.6,69,"Ride"
"M",8.157,11.4,19585.3,138,"Ride"
"M",9.032,12.5,32515.1,154.9,"Ride"
"M",3.108,14.1,9525.3,172.5,"Ride"
"F",7.817,10.4,32141.5,164.7,"Ride"
"M",3.624,6.8,4834.2,150.1,"Run"
"F",5.25,16.2,50239.1,138.1,"Ride"
"M",7.373,28.4,58236.9,131.6,"Ride"
"F",7.066,14.1,37628.4,144.2,"Ride"
"F",7.477,13.9,52311.5,153.1,"Ride"
"M",6.718,9,24183.5,124.6,"Ride"
"F",2.508,3.2,4838.4,155.8,"Run"
"M",3.742,10.8,31538.7,67.4,"Ride"
"F",2.713,3.3,3225.6,174,"Run"
"F",3.221,13.9,38055.4,137.4,"Ride"
"M",8.975,12.6,48464.2,146.8,"Ride"
"M",6.894,14.6,9651.1,119.9,"Ride"
"M",3.317,4.1,21205.2,148.7,"Run"
"F",6.932,12.4,24339.7,160,"Ride"
"M",3.144,5.5,12149.5,144.4,"Run"
"M",7.621,15.5,24220.4,106.8,"Ride"
"F",1.719,3.8,6520.7,111.7,"Run"
"M",4.743,11.2,7940.3,134.5,"Ride"
"M",2.965,4.8,6546.2,165,"Run"
"M",2.129,6.6,5549.1,141.1,"Run"
"M",0.267,3.5,694.1,125.5,"Ride"
"M",11.475,12.5,24119.7,127.9,"Ride"
"M",8.306,22.8,144820,155.5,"Ride"
"M",6.912,16.7,48297.1,131.7,"Ride"
"M",9.733,16.1,89423.3,146.6,"Ride"
"M",7.728,17.3,117787,148.2,"Ride"
"M",7.445,14.3,63614,116.9,"Ride"
"M",3.424,6.6,24128.9,149.2,"Run"
"M",3.198,4.9,21627,156.5,"Run"
"M",2.93,3.6,1005,123.6,"Run"
"M",2.965,5.5,10631.9,148,"Run"
"F",2.701,8.1,10486.1,151.8,"Run"
"M",8.037,13.5,56028.2,105.5,"Ride"
"M",8.107,13.2,70276.1,133.2,"Ride"
"F",1.874,3.6,15901.9,123.1,"Run"
"M",7.117,17.2,27671.7,152.5,"Ride"
"M",6.146,11.7,33653.7,133.5,"Ride"
"M",7.365,12.3,53001.2,149.4,"Ride"
"F",7.848,16.4,27876.6,146.1,"Ride"
"F",6.019,13,13994,124.9,"Ride"
"M",6.221,16,24872,127.2,"Ride"
"M",8.564,12.4,79439.4,140.3,"Ride"
"M",5.533,11.9,14607.6,142.6,"Ride"
"F",3.07,4.7,4942.3,149.6,"Run"
"F",2.974,4.5,6460,158.3,"Run"
"F",7.094,12.6,42697.2,109.9,"Ride"
"M",5.859,19.5,19359,54.3,"Ride"
"M",7.818,12.4,29112.6,109.6,"Ride"
"M",3.416,4.4,7696.1,154.7,"Run"
"M",2.856,4.9,6463,146.2,"Run"
"F",2.375,5.9,13397.7,151.8,"Run"
"F",3.805,6.1,7000.7,162.1,"Run"
"M",2.569,3.3,5132.7,160.5,"Run"
"M",8.66,17.1,40971.9,157.4,"Ride"
"M",7.239,12,37568,123.1,"Ride"
"F",4.689,12.3,56859.9,100.5,"Ride"
"F",2.761,4.6,4903.6,115.9,"Run"
"M",7.762,20.2,131473,108.9,"Ride"
"M",3.183,4.5,2470,173.3,"Run"
"M",2.507,5.7,10193.1,161.8,"Run"
"M",5.473,11.5,5281,150.5,"Ride"
"F",1.891,2.9,1875.9,147.9,"Run"
"M",2.986,4.1,3488.2,139.5,"Run"
"M",2.651,5,15262.8,144.5,"Run"
"F",7.188,15.9,38698.8,152.7,"Ride"
"M",8.002,15.3,110224,146.3,"Ride"
"M",1.764,3,2439.3,122.5,"Run"
"M",7.019,11.7,22585.7,152.7,"Ride"
"F",2.791,6,6654.2,144.2,"Run"
"M",7.749,13.1,17651.2,145.9,"Ride"
"F",2.444,3.1,9317.3,173.4,"Run"
"F",7.963,18.9,28889.6,157.3,"Ride"
"F",0.954,2.1,3217.6,77.9,"Run"
"M",7.495,20.544,39492.2,142.7,"Ride"
"M",3.063,6.6,10029.3,171.4,"Run"
"M",7.526,11.4,52425.7,123.3,"Ride"
"F",6.872,12.3,28711.1,145.8,"Ride"
"M",4.613,12.3,8856.4,120.6,"Ride"
"M",8.711,11.2,35078.3,150.5,"Ride"
"F",2.448,3.6,4404.8,137.3,"Run"
"F",7.779,13.6,33976.5,149.9,"Ride"
"M",7.732,17.2,132327,143.2,"Ride"
"M",5.482,13.7,17866.6,136.7,"Ride"
"M",3.989,5.2,8329.4,164.1,"Run"
"M",3.341,5,17251.3,152.5,"Run"
"M",3.836,4.2,7254.1,159.6,"Run"
"M",8.694,11.1,23491.9,141.7,"Ride"
"F",6.95,14.2,3370.6,158.3,"Ride"
"F",6.359,13.7,18918.5,118.9,"Ride"
"M",8.03,10.3,57814.9,148.4,"Ride"
"F",8.122,12.8,70086.5,119.5,"Ride"
"M",3.545,13.3,11785.9,155.6,"Ride"
"M",7.403,16.7,43832.4,136.4,"Ride"
"M",7.386,10.4,28569.5,156.1,"Ride"
"M",3.24,4.4,20481.8,151.5,"Run"
"M",3.531,12.9,19746.5,140,"Run"
"F",4.565,11,16383,132.8,"Ride"
"M",6.174,10.3,142185,108.5,"Ride"
"M",2.47,4.5,2652.3,135.7,"Run"
"M",3.511,5.1,8206.1,157,"Run"
"F",7.833,18.2,33493.6,153.3,"Ride"
"F",3.717,4.4,3218.6,155.7,"Run"
"M",6.625,11.3,76045.8,134.7,"Ride"
"F",6.456,14.5,69384.7,122.9,"Ride"
"F",5.797,14.7,14445.5,141.1,"Ride"
"F",2.021,3,3267.9,180.7,"Run"
"F",2.67,3.7,6429.8,164.6,"Run"
"M",7.155,15.3,94852.3,152.9,"Ride"
"F",1.901,3.1,4171.6,146.6,"Run"
"M",3.576,5.8,11631.5,156.7,"Run"
"M",7.542,13.5,50611.3,130.5,"Ride"
"M",7.737,12.103,8858.8,136.8,"Ride"
"F",9.113,11.4,61523,161,"Ride"
"F",6.085,17,40516.4,111.5,"Ride"
"M",6.909,16.8,52903.4,143.4,"Ride"
"M",5.551,8,13226.9,97.4,"Ride"
"M",8.762,15.7,58107.5,141,"Ride"
"M",8.513,13.9,44710.1,146.1,"Ride"
"M",5.838,14.6,81556.5,150,"Ride"
"M",9.232,18,13866.7,171,"Ride"
"M",7.218,10.9,30930.2,124.7,"Ride"
"F",7.105,14.2,24568.3,145,"Ride"
"F",6.115,13.4,26356.4,139,"Ride"
"M",6.526,14,48416.1,157,"Ride"
"M",6.786,11.2,61008.5,112.2,"Ride"
"M",3.193,3.7,10081.5,143.6,"Run"
"M",2.486,10.9,32504.1,130,"Ride"
"M",4.578,14.5,29562.7,151.8,"Ride"
"F",4.645,7.3,13503.7,129.1,"Ride"
"M",7.023,14.1,70027.6,151.8,"Ride"
"M",3.549,8.9,29012.8,150.9,"Ride"
"M",7.273,12.4,45524.2,144,"Ride"
"M",3.136,4.2,10003.3,151,"Run"
"M",6.969,18.7,31905.8,146.3,"Ride"
"F",2.895,4.7,7413.6,149.3,"Run"
"M",9.221,14.9,54517.3,152,"Ride"
"M",7.244,12.4,32538.2,168.4,"Ride"
"F",1.807,3.8,3228.7,115.1,"Run"
"M",5.56,8,1884.9,119.6,"Ride"
"M",5.22,11.9,25935.4,143.8,"Ride"
"M",7.175,11.5,44104.7,155.5,"Ride"
"M",6.114,14.8,50332.9,135.6,"Ride"
"M",3.729,14.1,1502.8,139.6,"Ride"
"M",9.012,18.8,12445.5,153.4,"Ride"
"M",2.34,3.3,5187.4,119.5,"Run"
"M",7.42,16.8,124316,146.1,"Ride"
"M",2.251,3.3,5604.4,166.7,"Run"
"M",7.573,15.6,36908.5,126.2,"Ride"
"F",3.103,5.8,16477.4,161.7,"Run"
"M",8.764,17.2,42840.1,149.7,"Ride"
"M",6.104,19.3,35113.5,128,"Ride"
"M",5.599,22.3,173496,153.8,"Ride"
"M",8.295,12.6,92284.7,117.6,"Ride"
"F",2.203,3.1,5008.8,144.1,"Run"
"M",7.262,15.1,52433.6,129.6,"Ride"
"F",7.653,12.1,32572.3,123.4,"Ride"
"M",2.766,4.1,11559.4,165.5,"Run"
"M",3.362,4.9,8062.9,169.6,"Run"
"M",7.975,18.5,57874.5,133.7,"Ride"
"M",4.106,14,14884.2,141,"Ride"
"M",8.084,9.3,40749.3,143.3,"Ride"
"M",7.136,11.1,25690,126.6,"Ride"
"M",7.745,9.2,41862,129.6,"Ride"
"F",2.857,3.5,4973.6,173.5,"Run"
"M",6.107,13.1,29865.5,109.9,"Ride"
"M",6.652,14.7,46835.7,145.3,"Ride"
"M",6.291,19.5,112668,123.3,"Ride"
"M",9.276,12.5,65245,139.4,"Ride"
"M",7.75,11.5,40408.2,163.8,"Ride"
"M",10.066,18.7,83052.5,135.3,"Ride"
"M",8.375,14.2,38440.1,166.8,"Ride"
"F",0.003,5.5,6092.1,171.7,"Run"
"M",7.868,13.4,39207,105.4,"Ride"
"M",3.968,12.4,19253.8,113,"Ride"
"M",5.91,10.6,38139.4,176.5,"Ride"
"M",2.472,3.1,5698.5,126.2,"Run"
"M",8.277,15.5,17688.5,143,"Ride"
"M",2.675,3.2,7666.8,146.3,"Run"
"M",2.574,3.2,2628.1,134,"Run"
"M",3.905,5.5,1132.5,133.8,"Ride"
"F",6.806,17.2,118651,139.1,"Ride"
"M",7.855,24.4,185275,128.3,"Ride"
"M",7.091,15.8,50686.8,145.2,"Ride"
"M",3.338,7,6956.6,82.8,"Ride"
"M",3.162,16.1,39527.8,138.5,"Ride"
"M",8.319,21.7,75091.6,162.8,"Ride"
"F",6.924,19.1,63048.4,138.3,"Ride"
"M",2.915,3.6,11623.2,117.5,"Run"
"M",7.997,16.6,29828.1,128.6,"Ride"
"M",7.072,12.8,29419.3,178.8,"Ride"
"F",0.862,4.2,6947.6,64,"Ride"
"F",5.735,12.3,22532.7,117.9,"Ride"
"F",6.221,13.6,33208,138.1,"Ride"
"M",6.884,8.1,8350.4,131,"Ride"
"M",3.067,4.2,11492.8,155.9,"Run"
"F",1.65,2.4,5800.9,102.2,"Run"
"F",2.462,3.8,8489.1,129.7,"Run"
"M",7.117,15,37764.8,167,"Ride"
"F",7.435,12,43529.8,156.2,"Ride"
"F",4.338,8.3,17743.7,117.3,"Ride"
"M",4.103,12.5,23336.7,143.4,"Ride"
"M",10.444,14.3,20377,142.5,"Ride"
"F",2.836,8.3,6629.5,147.9,"Run"
"F",6.859,10.5,44789.3,136.2,"Ride"
"F",5.913,27.1,36021.6,42.1,"Ride"
"F",3.42,7.9,13718.7,148.2,"Run"
"M",6.002,14,58361.3,134.8,"Ride"
"F",6.03,16.4,53919.9,146.9,"Ride"
"M",8.642,13.4,85184,136.6,"Ride"
"M",3.022,3.5,8053.9,156.6,"Run"
"M",4.706,6.5,4353.2,108.6,"Ride"
"F",7.161,14,23393.6,131.3,"Ride"
"F",6.729,12.5,25880.2,114.8,"Ride"
"M",3.647,5.8,15787.9,160.9,"Run"
"M",12.132,14.2,20005.6,157.7,"Ride"
"F",2.689,3.5,12102.3,176.2,"Run"
"F",3.141,4.2,14689.8,165.6,"Run"
"F",2.71,3.5,12005.7,165.9,"Run"
"F",2.351,2.7,1412.9,151.1,"Run"
"F",6.762,13.8,61763.7,134.1,"Ride"
"M",6.679,15.2,38403,131.7,"Ride"
"M",4.023,4.8,2804,178.9,"Run"
"M",6.097,14.5,47816,136.6,"Ride"
"F",2.067,2.8,5781,139.9,"Run"
"M",6.818,14,30815.5,143.4,"Ride"
"M",6.837,17.4,114686,146.6,"Ride"
"M",3.857,3.9,54,71,"Ride"
"F",2.894,4.6,9136.4,177.3,"Run"
"M",2.48,4.3,16098.1,149,"Run"
"F",6.177,18.9,21169.6,145.9,"Ride"
"M",3.223,6,11572.1,156,"Run"
"M",6.747,18.2,45511.7,136.7,"Ride"
"M",6.793,13.5,65678.6,130.8,"Ride"
"F",3.247,4.9,2889.4,146.4,"Run"
"M",8.255,13.5,31395,130.1,"Ride"
"M",3.26,5.4,13176.6,149.5,"Run"
"F",2.462,3.8,8489.1,129.7,"Run"
"F",5.486,16,60016.7,129.3,"Ride"
"F",2.51,5,4435.5,146.3,"Run"
"M",5.747,6.2,21223.7,140.4,"Ride"
"F",5.819,8.3,42815.7,144.1,"Ride"
"M",3.947,5.8,2111.9,131.7,"Ride"
"M",7.974,15.6,49288.6,108.2,"Ride"
"M",6.438,13,111867,124,"Ride"
"M",3.372,6,9871.8,153.3,"Run"
"M",2.713,8.8,32439.2,162.8,"Run"
"M",3.58,11.2,32365.8,133.7,"Ride"
"M",7.48,15.1,92301.7,137.3,"Ride"
"M",2.069,2.5,736.4,130.7,"Run"
"M",6.558,20.27,133833,149.4,"Ride"
"F",7.769,9.9,37408,106.6,"Ride"
"M",8.932,17.6,163580,165.4,"Ride"
"M",1.898,2.6,5215.9,144,"Run"
"F",3.407,5.6,9949.6,159.9,"Ride"
"F",9.771,23.6,157114,161.1,"Ride"
"F",3.132,4.4,11917.3,158.4,"Run"
"F",6.612,9.2,71659.2,140.6,"Ride"
"M",8.412,19.6,26000.4,110.2,"Ride"
"F",5.653,13.4,23802.9,144.6,"Ride"
"M",3.229,4.3,6154.6,162.6,"Run"
"M",8.903,15.8,83256.5,122.8,"Ride"
"M",7.172,12.5,18475.4,151.5,"Ride"
"M",7.854,11.7,34847.8,130,"Ride"
"M",6.867,14.3,36142.7,135.7,"Ride"
"M",8.763,13.6,59614.3,147.6,"Ride"
"F",4.8,12.8,13150.9,141.4,"Ride"
"M",3.669,11,15546.3,153.5,"Run"
"F",2.712,4,5260.4,156.1,"Run"
"M",6.671,9,24014.3,139.7,"Ride"
"F",8.104,16,81648.3,142.3,"Ride"
"M",7.525,18.3,39663.4,123.9,"Ride"
"M",4.569,15.5,82068.2,161.7,"Ride"
"M",6.81,13,47674.9,129.5,"Ride"
"M",6.656,8.9,15981.2,121,"Ride"
"M",7.884,19.803,65382.6,140.6,"Ride"
"F",2.493,3.5,11298.8,163.6,"Run"
"M",7.664,15.1,111514,133.3,"Ride"
"M",0.173,1.9,277.1,101.1,"Run"
"F",8.221,16,76616.9,151,"Ride"
"M",7.234,21.4,107641,132.3,"Ride"
"F",5.179,9.7,16738.9,162.1,"Ride"
"F",6.834,15.5,34745.4,161.2,"Ride"
"F",2.691,4.4,12083.3,162.4,"Run"
"M",3.096,4,9908.7,175,"Run"
"M",2.002,5.1,6091.1,132.3,"Run"
"M",1.467,1.9,2895.5,90.8,"Run"
"M",6.261,10,15515.2,145.4,"Ride"
"M",3.25,6.9,9018.1,155.1,"Run"
"M",3.344,4.1,13874.9,147.5,"Run"
"F",1.533,2.9,1541.7,96.7,"Run"
"M",7.216,16.1,36425.4,168.2,"Ride"
"F",3.138,3.5,12879.8,168.8,"Run"
"F",2.694,5.7,14047,152,"Run"
"F",2.566,9.7,1570.1,124.3,"Run"
"F",7.02,8.5,2492.2,126.5,"Ride"
"M",8.394,13.4,23847.9,149.6,"Ride"
"M",2.929,3.8,9760.8,146.2,"Run"
"M",5.749,12.3,2242.1,94,"Ride"
"M",7.699,12,18731.2,142.8,"Ride"
"M",5.763,14.3,100913,166.6,"Ride"
"M",3.283,5.1,8101.7,137.4,"Run"
"M",2.892,5.7,7086.5,140.2,"Run"
"M",5.815,11.8,28061.4,115.6,"Ride"
"F",6.039,18.8,61692.7,145.9,"Ride"
"M",3.893,16.2,16430.7,141.4,"Ride"
"M",6.519,14,129575,128.6,"Ride"
"M",7.533,13.4,51469.6,147.9,"Ride"
"M",8.891,13.5,16031.3,151.1,"Ride"
"F",4.936,22.5,83053.8,147.8,"Ride"
"F",6.969,12.7,49354.1,156.6,"Ride"
"M",7.55,15.3,53153.1,117.7,"Ride"
"M",6.716,16.4,75356.4,126,"Ride"
"M",6.97,16.3,89737.2,136.6,"Ride"
"M",8.535,17.8,43621.2,146.7,"Ride"
"M",3.137,16.7,21632.7,103.6,"Ride"
"F",6.067,20.6,19312.1,124,"Ride"
"M",7.278,15.6,104621,155.7,"Ride"
"F",6.73,15.4,58103.6,146,"Ride"
"M",7.902,11.2,33372.1,143.5,"Ride"
"M",6.799,11.8,22557.5,156.3,"Ride"
"M",1.951,5.9,2070,142.9,"Run"
"F",9.222,13.8,76693.6,135.7,"Ride"
"F",3.031,6.7,11292.3,142.5,"Run"
"F",6.22,14.7,30206.6,130.3,"Ride"
"M",8.302,17.8,88519.5,164.5,"Ride"
"M",6.984,12.8,18151.4,119.2,"Ride"
"M",8.549,11.9,50985.4,152,"Ride"
"M",5.135,19,14959.4,152.5,"Ride"
"M",7.215,23.4,119934,119.2,"Ride"
"M",7.899,17.3,28414.4,135.7,"Ride"
"M",5.552,13.6,12853.4,145.6,"Ride"
"M",5.116,10.6,23320.8,136.4,"Ride"
"F",3.792,4.6,19516.1,165.9,"Run"
"M",5.882,16.3,26509,112.4,"Ride"
"M",7.627,12.8,8687.5,102.7,"Ride"
"M",6.134,9.2,8458.2,107.4,"Ride"
"F",9.381,13.5,38604.4,168.4,"Ride"
"M",5.197,6.7,1335.6,126.9,"Ride"
"M",6.354,15.7,14614,143.3,"Ride"
"M",8.671,20.7,45815.8,163.6,"Ride"
"F",6.351,8.7,20260.5,157.3,"Ride"
"M",6.836,11.2,66516.7,127,"Ride"
"M",7.906,14,44349.9,106.2,"Ride"
"M",10.927,15.1,40191.2,135.5,"Ride"
"M",6.574,15.5,68174.7,144.3,"Ride"
"M",6.624,11.1,81178.3,135.5,"Ride"
"F",6.895,13.5,63390.1,126,"Ride"
"M",4.797,14.2,49510.2,129,"Ride"
"M",6.29,14.7,32079,111.5,"Ride"
"M",7.467,11.9,36782.1,148.5,"Ride"
"M",7.453,12.6,198252,133.9,"Ride"
"M",2.848,3.9,12006.2,154.1,"Run"
"F",4.715,14.9,31139.1,113.6,"Run"
"M",8.562,14.3,11841,155.1,"Ride"
"F",6.179,13.9,30266.9,162.5,"Ride"
"F",1.937,3,2469.5,161.5,"Run"
"M",7.049,24.4,57637.1,163.2,"Ride"
"F",7.11,11.8,16617.1,138.8,"Ride"
"F",2.741,5.7,6837.3,164.3,"Run"
"F",5.672,13.4,57571.9,113,"Ride"
"M",7.594,13.2,22120.4,118.6,"Ride"
"M",7.1,15.3,49852.5,117.9,"Ride"
"M",8.489,13.2,80334,139.5,"Ride"
"F",7.6,20.9,45060.5,120.1,"Ride"
"M",4.578,12.6,36170.5,138.3,"Ride"
"F",5.011,19.5,29577.3,145,"Ride"
"F",3.328,5,18497.7,150.1,"Run"
"M",9.552,15.1,55707.4,157.3,"Ride"
"F",6.826,13.6,38380.6,139.7,"Ride"
"M",7.013,9.7,26797.7,150.7,"Ride"
"F",7.365,17.5,87592.9,138,"Ride"
"F",3.304,8.7,15633.9,133.5,"Ride"
"M",7.518,15.5,73085.8,130.5,"Ride"
"M",8.767,14.2,77303.8,126.6,"Ride"
"F",2.774,4.9,10144.5,162.1,"Ride"
"M",8.66,14,14471.2,134.5,"Ride"
"M",8.714,18,77054.6,143.4,"Ride"
"F",2.878,4.7,8642.2,156.9,"Run"
"F",6.102,13.4,36875.6,148.3,"Ride"
"F",4.692,13.7,25052,126.7,"Ride"
"F",7.323,13.3,60545,152.4,"Ride"
"M",5.549,8.4,8084.2,132,"Ride"
"F",2.073,5.7,15583.9,96.6,"Run"
"M",5.458,17.9,45315.8,157.5,"Ride"
"M",6.548,17,26284.5,145.2,"Ride"
"F",7.298,9.2,32329.9,132.2,"Ride"
"M",3.203,4.7,5473.4,141.9,"Run"
"M",6.462,13.8,29730.6,118.3,"Ride"
"F",5.811,17,36982.4,127.8,"Ride"
"M",2.461,3.8,6832.9,151.4,"Run"
"M",3.681,4.5,8289.2,139.8,"Run"
"F",2.569,3.6,1801.2,88.5,"Ride"
"F",2.796,4.3,5610.8,143.9,"Run"
"M",5.5,10.5,20531.9,97.7,"Ride"
"M",3.956,21.5,48497.1,144.8,"Ride"
"M",5.985,8.9,6679.1,137.7,"Ride"
"F",2.426,4.2,4821.4,134.4,"Run"
"M",3.098,4.5,5145.8,162.7,"Run"
"M",6.346,14.7,39422.2,113.9,"Ride"
"M",2.507,5,3568.1,141.7,"Run"
"M",0.183,1.3,35.5,115.9,"Run"
"M",2.377,8.8,5316.9,156.2,"Run"
"M",7.271,16.2,40230.1,116.8,"Ride"
"M",2.916,3.4,7053.8,127.4,"Run"
"F",6.692,8.1,24967.3,120.6,"Ride"
"F",5.948,12.2,17112.9,122.8,"Ride"
"F",3.359,7.6,3899.7,123.4,"Ride"
"M",7.259,8.9,26174.5,148.2,"Ride"
"M",7.78,14.5,107621,139.2,"Ride"
"M",5.832,20.9,39784.4,146.4,"Ride"
"M",7.248,15.7,46794,159.3,"Ride"
"F",1.512,3.2,2143.8,167.1,"Run"
"F",3.683,4.4,4010.7,187.6,"Run"
"M",4.03,10.1,28364.1,141.3,"Ride"
"M",2.746,5.6,5887.1,136.4,"Run"
"M",8.679,17.3,70140.3,140.1,"Ride"
"M",7.715,13.9,72347.8,129.4,"Ride"
"M",2.883,4.7,5255.5,143.8,"Run"
"M",4.411,6.2,5888.2,163.2,"Run"
"M",9.22,16.8,31321.6,148.9,"Ride"
"M",1.834,2.7,940.6,120.3,"Run"
"M",6.738,14.3,30858.4,143.5,"Ride"
"M",7.352,18.3,67691.4,156.8,"Ride"
"M",8.841,13.2,57902.8,115.5,"Ride"
"F",6.428,13.7,35407.1,139.1,"Ride"
"M",6.28,19.3,30575.4,154.4,"Ride"
"F",7.74,12.2,23824.3,145.6,"Ride"
"M",7.503,17.7,40328.3,142.8,"Ride"
"F",2.726,3.3,7380,147.8,"Run"
"M",4.972,7.4,10013.5,172.7,"Run"
"M",7.216,14.4,42853.1,135.7,"Ride"
"F",6.084,11.9,27266.5,114.3,"Ride"
"M",3.595,4.8,5957.3,179.1,"Run"
"M",2.113,2.8,1233.9,150.1,"Run"
"M",4.496,9.5,18425.4,140.1,"Ride"
"M",6.774,16.2,99628.4,149.4,"Ride"
"M",3.01,4.4,7823.1,169.9,"Run"
"M",5.988,11,68679.3,160.6,"Ride"
"M",5.627,7,23651.4,135.2,"Ride"
"M",23.671,38.3,83344.2,124,"Ride"
"M",7.203,9.5,6230.8,155.9,"Ride"
"M",3.765,8.9,4924.8,175.1,"Run"
"M",8.842,14.8,54491.9,127.9,"Ride"
"M",3.077,9.7,1959.8,186,"Run"
"M",7.37,16.6,88448.8,133.4,"Ride"
"F",3.135,5.2,16121.8,158.9,"Run"
"M",8.087,13,11354.2,181.2,"Ride"
"M",5.407,19.4,55472.3,121.8,"Ride"
"F",6.433,8.6,54916.3,145.3,"Ride"
"M",6.334,12.4,10964.6,129.4,"Ride"
"M",7.581,11.9,29437.1,129.7,"Ride"
"M",6.003,12.1,12899.9,125.1,"Ride"
"F",6.607,16.1,59334.6,129.9,"Ride"
"M",6.913,12.2,10812.4,131.2,"Ride"
"F",2.608,3.4,5099.3,177.4,"Run"
"F",3.2,4,3440.1,165.7,"Run"
"M",5.696,15.8,25051.7,153,"Ride"
"M",7.638,14.7,53328.1,144.7,"Ride"
"M",7.226,16.4,15579.9,151.3,"Ride"
"F",5.923,7.2,22017.5,119.4,"Ride"
"F",9.006,15,51271.4,141.4,"Ride"
"M",9.353,15.1,62774,137.3,"Ride"
"M",6.171,8.5,42397.1,143.4,"Ride"
"M",4.452,13.2,21266.8,121.7,"Ride"
"F",7.084,9.8,50954.8,100.6,"Ride"
"M",3.506,9.7,14820.7,159.5,"Run"
"F",6.799,12.2,16712,143.7,"Ride"
"F",2.37,13.4,19263.6,136.9,"Ride"
"F",4.39,11.6,7980.3,136.2,"Ride"
"M",6.501,14.5,60378.4,125.1,"Ride"
"F",3.064,3.8,16101.2,162,"Run"
"M",6.421,15.4,14684.8,139.7,"Ride"
"M",7.81,11.5,21689.6,134.2,"Ride"
"M",7.274,10.3,22112.3,132.7,"Ride"
"F",2.792,4.2,9961.1,170.9,"Run"
"M",2.67,6.3,19793.3,172.4,"Run"
"F",3.02,13.9,19735,146.3,"Ride"
"M",3.843,12.9,23932.3,128.2,"Ride"
"F",2.948,5,10021.1,159.6,"Run"
"M",2.955,4.3,10356,150.5,"Run"
"M",7.01,10.4,27353.3,114.8,"Ride"
"M",5.386,8.4,4276.5,109.9,"Ride"
"F",1.473,5.1,5853.8,160.8,"Run"
"F",5.059,15.2,20002.2,128.2,"Ride"
"M",1.423,4.8,6208,107.3,"Run"
"M",5.422,11.5,14660.1,120.9,"Ride"
"M",8.397,13.2,31623.2,132.7,"Ride"
"F",7.724,8.3,27814.3,122.6,"Ride"
"M",2.752,4.9,6096.4,157.3,"Run"
"F",2.937,7.2,2470,150,"Ride"
"F",6.935,10.6,53256.3,152.7,"Ride"
"F",2.226,27.1,4056.1,124.9,"Run"
"M",5.982,14.4,22372.8,156.3,"Ride"
"F",3.369,3.8,397.6,161.6,"Run"
"M",2.891,5.8,24811.6,130.8,"Run"
"M",2.892,4.7,5225.1,135.3,"Run"
"F",6.63,10.7,15706.7,144.5,"Ride"
"M",11.095,16.1,16066,173.2,"Ride"
"F",2.841,4.3,6604.8,187.3,"Run"
"F",3.001,13,7054.2,172.1,"Run"
"F",3.054,4.6,10171.4,174,"Run"
"F",2.405,4.5,4851.2,137.5,"Run"
"F",5.21,9.9,30799,122.1,"Ride"
"M",2.646,23.2,12661.4,157.6,"Run"
"M",7.811,13.2,17489,124.2,"Ride"
"M",5.316,11.3,48755.2,145.9,"Ride"
"M",7.111,17.1,57645.8,133.8,"Ride"
"F",8.814,10.1,16375.9,52.7,"Ride"
"F",5.016,14.4,22615.6,51.1,"Ride"
"M",4.49,13.2,50436.6,158,"Ride"
"M",7.188,15.4,74285.9,147.3,"Ride"
"F",2.62,4.9,41032.9,75.1,"Run"
"M",7.757,14.3,79955.9,170.1,"Ride"
"F",2.736,3.5,4021.5,148.8,"Run"
"F",5.396,15.1,51064.2,128.2,"Ride"
"M",2.847,4.9,11930.7,148.7,"Run"
"M",8.73,14.3,75815.1,123.8,"Ride"
"F",2.845,4.1,4899.8,134.9,"Run"
"F",4.269,12.7,28343.3,150.5,"Ride"
"M",7.371,15.1,58743.9,128.3,"Ride"
"M",8.435,16.4,39089,150.8,"Ride"
"M",4.249,6.6,7198.6,160.7,"Run"
"F",4.804,8,6692,147.7,"Ride"
"F",8.459,15.7,60499.4,141.7,"Ride"
"M",2.756,4.7,15724.4,137.9,"Run"
"M",6.336,9,3807.8,147.7,"Ride"
"F",2.67,4.3,20773.5,149.2,"Run"
"M",3.152,4.1,11270.4,158.1,"Run"
"F",6.132,9.3,34209.7,136.6,"Ride"
"M",7.475,14.7,13507.8,172.9,"Ride"
"M",3.505,8.4,20583,129.1,"Run"
"M",3.569,4.5,128.5,84.2,"Ride"
"F",3.848,5.1,1550.7,118.9,"Run"
"F",5.935,9.6,28518.7,152.3,"Ride"
"M",6.572,12.9,35074.9,147.4,"Ride"
"M",5.591,12.9,17280.4,145.1,"Ride"
"M",7.893,14.6,45485.9,148.6,"Ride"
"F",8.171,14.4,56486.2,144.9,"Ride"
"F",7.465,11.9,59756.8,149,"Ride"
"M",7.906,13.6,43612,146,"Run"
"M",6.979,20.3,48922.5,124.7,"Ride"
"F",3.502,15.9,29652.1,121.3,"Ride"
"M",5.903,14.4,31292.7,140.9,"Ride"
"M",4.236,13.1,24037.9,147.8,"Ride"
"M",5.815,13.2,42335.2,107,"Ride"
"M",2.967,3.9,400.5,37,"Ride"
"M",7.164,16.8,50047.5,132.9,"Ride"
"F",8.667,12.1,15609.4,140.7,"Ride"
"M",3.94,6.2,11917.3,138.6,"Run"
"F",7.487,11.8,18935.1,129.5,"Ride"
"F",8.185,13.1,16836.1,151.2,"Ride"
"M",7.911,15.5,32465.4,172.6,"Ride"
"M",7.649,16.5,114190,130.8,"Ride"
"M",3.165,4.6,14709.2,175,"Run"
"M",0.026,1.2,92.6,116.4,"Ride"
"M",8.305,10.5,17042.5,146.9,"Ride"
"M",7.117,15.3,114521,149.7,"Ride"
"M",2.781,4,3212.4,125.5,"Run"
"M",7.322,13.2,87223.8,126.1,"Ride"
"F",6.694,9.4,52870,120.3,"Ride"
"M",5.399,7,507.5,122.2,"Ride"
"F",2.828,3.7,11541.7,138.5,"Run"
"M",7.843,18.6,129267,132.1,"Ride"
"F",6.932,14.6,23055.9,143.8,"Ride"
"M",3.183,4.6,13561.8,155.2,"Run"
"M",7.773,11.6,28115.3,132.8,"Ride"
"M",2.962,3.8,6616.5,159.7,"Run"
"M",7.341,9.6,39642.6,125.7,"Ride"
"M",6.454,15.5,11352.1,159.5,"Ride"
"F",2.45,18.4,5673.9,167.7,"Run"
"F",5.385,15.9,37203,86.1,"Ride"
"M",3.718,6.7,15281.3,150,"Run"
"M",2.087,4.5,6324.5,120.5,"Run"
"M",3.192,4.6,7175.5,132.1,"Run"
"M",5.936,14,21286.4,139.2,"Ride"
"F",1.938,4.4,8395.6,126,"Run"
"M",7.142,8.8,22775.6,128.6,"Ride"
"M",8.238,13.7,27086,140.6,"Ride"
"M",8.15,14.9,53975.2,114.5,"Ride"
"M",4.34,10.1,14401.6,109.1,"Ride"
"M",6.093,12.5,34963.5,139.3,"Ride"
"M",7.757,22.7,105847,130.4,"Ride"
"F",2.301,8.9,1573.6,82.5,"Ride"
"M",7.282,15.2,38575.3,106.7,"Ride"
"M",3.151,10.7,2149.2,143.3,"Run"
"M",5.502,15.8,35775.5,114.3,"Ride"
"M",1.982,3.8,9186.7,167.7,"Run"
"F",5.149,16.9,21872.8,113.7,"Ride"
"M",7.353,19.8,4374.8,130.3,"Ride"
"F",11.151,19,77490.7,169.6,"Ride"
"F",8.581,14.9,41798.2,160.1,"Ride"
"M",7.734,20.7,82509,150.3,"Ride"
"F",3.293,13.607,83701.4,143,"Ride"
"M",7.026,14.2,31061.7,155,"Ride"
"M",7.002,8.3,27546.6,118.8,"Ride"
"F",5.984,14.3,29080.1,130.3,"Ride"
"M",7.703,14.5,18779,145.8,"Ride"
"M",8.878,18.7,38191.9,159.3,"Ride"
"M",5.011,11,47692.7,97.9,"Ride"
"M",4.083,11.4,25240.2,119.1,"Ride"
"F",3.357,5,10015.1,162.1,"Run"
"F",2.502,4.9,5035,165.6,"Run"
"M",6.911,10.9,45245.7,149.9,"Ride"
"M",3.111,4.2,10020,153,"Run"
"M",9.733,11.4,37413.6,143.1,"Ride"
"F",6.642,8.4,9193,122.3,"Ride"
"M",7.496,17.4,33965,135.5,"Ride"
"M",9.178,18.1,725.1,81.3,"Ride"
"M",6.378,15.6,58757.4,126.4,"Ride"
"F",7.235,14.983,63339,128.1,"Ride"
"M",4.394,5.6,7565.9,164.6,"Run"
"F",8.053,14.5,38372.2,143.2,"Ride"
"M",7.701,17.9,71487.1,163.9,"Ride"
"M",2.843,3.8,2709.5,156.5,"Run"
"F",3.054,4.6,10171.4,174,"Run"
"F",7.375,13.1,37570,154.7,"Ride"
"M",8.164,14.6,37882.1,145.7,"Ride"
"M",4.381,14.1,11373.4,106.9,"Ride"
"M",8.575,13.8,40129.9,146.4,"Ride"
"M",7.29,13.3,11051.9,135.2,"Ride"
"F",7.839,10.6,193380,136.4,"Ride"
"M",4.092,9.7,4537.7,129.9,"Ride"
"M",7.018,16.2,102143,146.7,"Ride"
"M",6.717,11.7,48333,157.8,"Ride"
"M",3.222,4.1,4687.3,151.9,"Run"
"M",7.006,10.3,14005.2,162.5,"Ride"
"M",2.93,5.6,4503.5,136,"Run"
"M",2.569,2.8,454.8,148.4,"Run"
"F",4.43,8.5,22568.6,113.2,"Ride"
"F",4.996,5.5,36255.3,129.3,"Ride"
"M",7.651,15.3,71738.4,130.4,"Ride"
"F",7.28,14.8,48215.5,151.9,"Ride"
"F",6.582,12.3,26276.5,145.4,"Ride"
"F",5.419,16.2,75689.6,151.8,"Ride"
"M",3.926,14.3,31809.1,136.2,"Ride"
"M",7.38,17.5,45559.1,141.6,"Ride"
"M",3.343,15.9,47719.3,140.5,"Ride"
"M",6.124,12,51454.4,138.5,"Ride"
"M",7.679,19,90936.5,122.7,"Ride"
"F",7.153,8.2,25715.3,137.7,"Ride"
"M",2.762,4.2,4828.4,125.5,"Run"
"M",2.76,4.3,21570.4,151.7,"Run"
"M",3.47,6.3,8133.9,146.1,"Run"
"F",8.351,14,12567.8,127.9,"Ride"
"M",8.144,14.8,40364,151.4,"Ride"
"M",3.119,4.5,4928.5,157.2,"Run"
"M",2.857,8.5,8192,142,"Run"
"M",6.819,18.2,101582,122.1,"Ride"
"M",8.564,17.7,72560.5,126.3,"Ride"
"F",2.457,4.3,9359.3,158.9,"Run"
"M",7.139,11.6,55715.2,153,"Ride"
"M",4.634,16.7,20459.4,154.3,"Ride"
"M",7.136,15.4,20273.1,145.2,"Ride"
"F",3.109,7.2,11274.6,146.2,"Run"
"F",3.112,4.1,4988.6,171.9,"Run"
"F",6.594,15.6,68684.9,153.5,"Ride"
"M",6.18,16.1,32941.8,146,"Ride"
"M",4.685,8.8,16889.1,96.7,"Ride"
"M",8.263,10,30309.8,145.6,"Ride"
"F",6.087,14.2,22389.4,155.2,"Ride"
"M",3.104,4.5,9767.6,143.8,"Run"
"M",8.327,13.6,37470.8,136.9,"Ride"
"M",2.1,3.7,6056.4,147.7,"Run"
"M",10.29,17.1,55565.8,151.9,"Ride"
"M",9.217,13.9,36029.5,153.2,"Ride"
"M",7.846,15.2,40861.8,146.5,"Ride"
"F",6.409,12.3,25682.2,130.1,"Ride"
"M",6.035,14.7,81142.2,102.2,"Ride"
"F",6.713,11.6,58942,139.1,"Ride"
"M",7.079,20.5,145114,125.9,"Ride"
"M",6.663,17,67671.7,133.9,"Ride"
"M",6.558,9.3,19397.4,154.8,"Ride"
"F",3.019,3.7,1047.6,162.6,"Run"
"F",2.775,5.1,7454.5,130.9,"Run"
"M",4.069,7.9,16763.2,91.7,"Ride"
"F",1.208,1.7,3105.8,103.2,"Run"
"M",2.353,6.3,7531.3,153.5,"Run"
"M",2.571,6.6,10675.1,148.1,"Run"
"M",1.871,6.1,1904.8,102.5,"Ride"
"M",5.993,16.5,95016.1,136.7,"Ride"
"M",7.311,16.1,58243.5,141.9,"Ride"
"F",2.932,3.8,10302.6,161.7,"Run"
"M",1.922,3.4,11215.3,139.8,"Run"
"M",6.821,16.4,33040.2,140,"Ride"
"M",7.99,16,58049.4,155.1,"Ride"
"M",4.004,13.6,47307.7,148.2,"Ride"
"M",7.072,17.3,57624.9,127.5,"Ride"
"M",7.518,11.1,61077,142.7,"Ride"
"M",3.969,10.8,28293.6,94.9,"Ride"
"F",2.561,3.7,9761.6,162.8,"Run"
"M",8.046,13.5,70573.1,132.5,"Ride"
"F",2.966,8.7,8149.7,137.8,"Run"
"F",1.788,3,4496.3,118.4,"Run"
"F",7.803,15.6,67249.1,145.6,"Ride"
"M",8.138,14.4,22982.7,148.1,"Ride"
"M",7.775,12.7,12649.3,127.7,"Ride"
"M",3.666,5.8,5025.6,154,"Run"
"M",8.081,11.6,27533.5,156.7,"Ride"
"F",6.275,17.8,53784.4,162.4,"Ride"
"F",2.33,3.4,7657.7,141.6,"Run"
"M",8.364,13.6,35336.5,150.4,"Ride"
"M",7.66,12.2,48409.6,140.8,"Ride"
"M",7.925,17.5,30011.3,138.3,"Ride"
"F",3.105,4.6,5610.1,180.9,"Run"
"F",2.643,4.8,8087.4,155.1,"Run"
"M",2.235,4.4,11425,152,"Run"
"M",6.705,14,78576.4,124.8,"Ride"
"M",3.389,4.1,7119.3,167.8,"Run"
"M",2.34,4.2,6288.7,138.3,"Run"
"M",2.267,4.1,8110.9,138.9,"Run"
"F",7.436,8.9,18648.6,154.4,"Ride"
"M",6.77,13,50588.7,158.9,"Ride"
"M",2.373,3.8,8364,132.2,"Run"
"M",2.447,9.7,11761,153.4,"Ride"
"M",7.115,16.9,24958.4,109.9,"Ride"
"F",7.286,13,23205.3,142.4,"Ride"
"M",3.289,4.4,2404.1,150.6,"Run"
"M",5.891,10.4,3428.5,94.3,"Ride"
"M",7.703,14.5,18779,145.8,"Ride"
"M",3.124,3.3,8850.2,142.3,"Run"
"M",7.01,10.9,7339.7,150.4,"Ride"
"M",9.895,19.384,68134.9,138,"Ride"
"F",2.061,10.1,6181.6,136.7,"Run"
"M",2.325,7.1,20551.9,115.2,"Run"
"M",6.229,15.4,41453,146.4,"Ride"
"M",3.528,5.9,1337.3,134.4,"Run"
"M",6.725,15.3,32366.8,125.8,"Ride"
"M",4.832,7.1,11621.6,124.5,"Ride"
"M",7.347,12.8,73856.3,93.5,"Ride"
"F",6.714,10.7,21564.4,131.2,"Ride"
"F",6.073,14.6,75404.4,145.7,"Ride"
"F",6.384,15.7,22191.2,140.3,"Ride"
"M",7.499,13,14660.6,131.2,"Ride"
"M",3.269,4.6,42556.8,152.5,"Run"
"F",2.803,4.1,8088.9,159.9,"Run"
"M",6.839,12.5,29769.8,157.8,"Ride"
"M",3.081,4.2,6997,160.7,"Run"
"M",7.099,12.9,94789.1,137,"Ride"
"M",6.964,14.9,37391.5,136.5,"Ride"
"F",2.241,2.9,5057.5,180,"Run"
"F",2.75,5.4,7286,168.6,"Run"
"M",4.708,9.8,2448.1,129.2,"Ride"
"M",7.655,13.5,57939.1,142.1,"Ride"
"M",7.015,11.4,24523.2,118.5,"Ride"
"M",2.999,3.4,5641.4,132,"Run"
"M",8.13,14.4,53462,134.3,"Ride"
"M",3.288,6.9,9026.2,137.4,"Run"
"M",3.238,6.1,9884.6,141.9,"Run"
"F",5.78,15.2,25782.6,154.5,"Ride"
"F",4.574,7.6,19595.2,171.1,"Ride"
"M",7.136,11.1,25690,126.6,"Ride"
"F",2.611,7.2,10970.4,129.9,"Ride"
"M",8.358,14.8,106291,166.1,"Ride"
"M",8.216,19.2,69276.2,125.7,"Ride"
"F",5.928,7.6,14416.6,141.9,"Ride"
"M",5.86,12.8,61115.9,142.3,"Ride"
"M",4.541,6.2,11025.2,139.5,"Run"
"M",8.277,11.3,45301.6,117.8,"Ride"
"M",7.744,10.2,36791.2,147.9,"Ride"
"F",9.029,18,39050.2,157.9,"Ride"
"F",6.228,10.9,18783.4,123.9,"Ride"
"M",6.493,8.3,28083.1,139.7,"Ride"
"M",8.712,20.164,74111.2,136.3,"Ride"
"F",2.413,3.1,4550,167.3,"Run"
"F",6.173,11.3,15235.9,125.3,"Ride"
"M",3.261,12.6,28921.6,152.4,"Ride"
"F",6.284,17.3,81142.3,126,"Ride"
"F",1.745,2.8,6500.3,128,"Run"
"M",2.711,3.2,10311.4,163,"Run"
"F",2.268,4.2,5094.6,150.7,"Run"
"F",2.439,4.5,6430.1,133,"Run"
"F",1.837,3.8,12331.7,144.8,"Run"
"M",6.843,16.1,55104.6,120.1,"Ride"
"F",4.622,11.7,33025.6,112.3,"Ride"
"M",3.776,12.8,19989.6,120.5,"Ride"
"F",2.344,3.5,5420.1,168.5,"Run"
"F",2.604,3.2,5225.5,145.6,"Run"
"M",8.127,16.5,27581.6,147.8,"Ride"
"M",3.342,5.7,4525.3,149.9,"Run"
"F",0.968,2.3,4695.3,132.1,"Run"
"M",3.659,5.1,3359.3,182.5,"Run"
"M",3.662,8.1,8938,150.7,"Run"
"M",8.187,14.4,21040,135.3,"Ride"
"M",5.052,14.4,39191.8,137.4,"Ride"
"M",6.953,9,26026.3,120.8,"Ride"
"M",8.432,15.9,33599.6,142.8,"Ride"
"F",2.789,3.7,16166.7,168.1,"Run"
"M",4.459,8.2,8713.8,140,"Ride"
"M",10.628,22.7,140091,152.4,"Ride"
"M",8.984,14,53646,146.9,"Ride"
"M",8.495,10.6,23387.2,141.3,"Ride"
"F",4.974,11.2,30820.5,98.5,"Ride"
"M",4.828,7.3,7266.4,127.8,"Ride"
"M",0.343,0.5,2.4,80,"Ride"
"F",7.431,11.6,65338.9,113.8,"Ride"
"M",6.124,13.3,30098.9,144.8,"Ride"
"M",8.316,10.2,33972.9,108.2,"Ride"
"F",7.364,10.6,45033,143.6,"Ride"
"M",2.241,4.2,7093.6,117.9,"Run"
"F",1.738,6.4,3879,114.6,"Run"
"M",7.525,14.9,61504,113.7,"Ride"
"M",2.76,4.1,9939.8,135.1,"Run"
"M",3.646,5.3,12013.3,161.4,"Run"
"M",7.9,14.1,43695.8,112.3,"Ride"
"F",3.024,3.8,1067.6,169.6,"Run"
"F",7.208,13.9,10004.3,163.2,"Ride"
"M",1.758,3.1,8450.8,96.5,"Run"
"F",2.724,5.7,4331.6,152.6,"Run"
"M",7.126,22.4,107411,136.6,"Ride"
"F",7.696,14.3,68933.9,137.4,"Ride"
"M",8.568,21.9,80646.1,139.5,"Ride"
"F",8.605,11.8,57611.6,160.4,"Ride"
"F",4.215,10.9,20527.9,161.6,"Ride"
"F",7.465,16.6,104759,142.2,"Ride"
"M",4.468,11.8,11640.1,127.8,"Ride"
"M",5.953,11.6,21460.4,124.5,"Ride"
"F",6.154,9.6,11864.6,143.6,"Ride"
"M",6.259,12,25543,124.9,"Ride"
"M",8.506,14.9,74449.8,148.8,"Ride"
"M",3.584,15.3,16742.8,145.9,"Ride"
"M",2.498,3.8,8838,126.1,"Run"
"M",2.766,4.5,3308.6,155.3,"Run"
"M",3.254,4.2,12689.9,143.6,"Run"
"F",7.228,15.9,57647,158.9,"Ride"
"M",6.62,13.4,29875.3,122.5,"Ride"
"M",7.631,15,56540.3,147,"Ride"
"M",7.468,13.2,42529.8,156,"Ride"
"F",6.753,17.2,37551.8,167.8,"Ride"
"M",6.892,8.7,16643,144.7,"Ride"
"M",4.182,12.7,48300.8,139.4,"Ride"
"F",3.565,4.3,10007,166.9,"Run"
"F",4.78,14.6,16600,128.6,"Run"
"M",2.605,5.3,14338.5,142.9,"Run"
"F",3.053,3.8,5473.2,158.3,"Run"
"M",3.337,5.1,6306.5,161.7,"Run"
"M",6.593,10.3,24630.6,125.8,"Ride"
"M",6.926,9.3,16920.5,136.7,"Ride"
"M",7.238,23.6,212090,135.1,"Ride"
"F",6.454,11.8,7590,116.1,"Ride"
"M",3.137,6.4,6417.8,156.2,"Run"
"M",8.423,21.6,82920.3,132.5,"Ride"
"F",5.441,10,13422.2,53,"Ride"
"M",2.551,3.9,9314.1,138.4,"Run"
"M",6.016,15.1,55976.9,135.6,"Ride"
"M",6.952,18.1,86378.1,119.1,"Ride"
"M",5.275,13.2,34906.6,142.7,"Ride"
"F",3.736,4.7,5021.1,172.5,"Run"
"M",7.371,13.2,55570.2,148.6,"Ride"
"M",6.339,10.4,12824.6,101.4,"Ride"
"F",2.543,3.2,7449.9,142.1,"Run"
"M",5.984,13.6,29763.7,150.6,"Ride"
"F",7.497,17.5,29328.8,155.1,"Ride"
"F",2.337,3.5,5143.8,154.4,"Run"
"F",6.719,14,121552,108.9,"Ride"
"F",4.851,15,54665,149.9,"Ride"
"M",6.836,16.1,70735.1,150.1,"Ride"
"M",6.302,15.8,66454.1,118.8,"Ride"
"F",4.965,11.7,65936.1,153.4,"Ride"
"M",8.258,12.1,32488.1,128.5,"Ride"
"M",10.405,14.3,102534,146.7,"Ride"
"M",10.056,16.7,35406,148.4,"Ride"
"M",2.848,3.7,11191.7,159.1,"Run"
"M",8.254,16.4,87546.7,129.8,"Ride"
"M",3.591,11.2,19225.1,116.6,"Ride"
"M",8.469,18.7,49093.2,151.6,"Ride"
"M",2.794,4.6,6631.8,148.7,"Run"
"M",2.827,4.8,10297.3,142.6,"Run"
"M",3.272,4,7263.3,149,"Run"
"M",8.607,14.8,100029,131.5,"Ride"
"M",3.386,4.7,16360.4,147.5,"Run"
"F",6.272,11.1,77983.7,147.1,"Ride"
"F",2.437,30.8,42398,172.6,"Run"
"M",4.65,13.3,20607.5,111.5,"Ride"
"M",7.84,10.8,21332.1,139.2,"Ride"
"M",7.041,11.8,48472.1,139,"Ride"
"F",6.771,8.2,3602,109.8,"Ride"
"F",7.101,11.9,64684.9,111.1,"Ride"
"M",6.882,17.6,50147.3,130.6,"Ride"
"M",6.747,13,25138.2,142.1,"Ride"
"M",7.152,13.9,49275,134.2,"Ride"
"F",6.546,9.3,36364.1,127.2,"Ride"
"M",1.5,2.2,2858.2,91,"Run"
"M",7.968,11.6,50000.7,125.6,"Ride"
"M",8.021,15,38100.5,154.8,"Ride"
"F",6.433,8.6,54916.3,145.3,"Ride"
"M",1.896,3.9,9692.8,141.7,"Run"
"M",3.022,4.5,10613,149.5,"Run"
"M",7.739,16.2,37207.6,126.1,"Ride"
"M",11.43,16.6,57242.9,161.5,"Ride"
"M",6.84,15.3,30131.2,143.7,"Ride"
"M",6.102,11,12881.3,135.3,"Ride"
"F",2.435,4.2,8458.3,148.5,"Run"
"M",5.892,14.4,48829,134.5,"Ride"
"F",1.922,2.2,1280,154.5,"Run"
"M",7.705,12.1,4746.2,124.2,"Ride"
"M",1.821,6.1,10630.4,121.7,"Run"
"M",6.797,14.9,32158.5,123.8,"Ride"
"M",6.964,15.8,26830.8,122.6,"Ride"
"M",5.609,10,8486.2,123.3,"Ride"
"M",1.387,4.8,11767.9,119.9,"Run"
"M",2.681,6.4,6837.1,151.1,"Run"
"M",4.704,13.8,51354.2,143.9,"Ride"
"F",5.337,10.1,22881,146.4,"Ride"
"M",9.614,12.9,76365,143.7,"Ride"
"M",7.869,14,120692,124.5,"Ride"
"M",8.368,8.7,30143.3,122.6,"Ride"
"M",2.533,5.9,6523.1,145.4,"Run"
"M",6.314,13.8,54122.9,120.9,"Ride"
"M",5.945,14.6,33359,136,"Ride"
"F",3.387,8.9,14904.3,147.9,"Ride"
